Date & Time,Index 1,Index 2,Index 3,Index 4,Index 5,Open Price,High Price,Low Price,Close Price,VA1,VA2,VA3,VA4,VA5,EST,TVA1,TVA2,TVA3,TVA4,ROC1,ROC2,ROC3,ROC4
2020.04.07 09:00,0,5.94,94.91,0,0,0.97605,0.97674,0.97379,0.97399,0,-64.62,-32418.38,0,0,2:00,-4986.9,-12393.98,-19817.98,-32483,-1246.72,-3098.49,-4954.49,-8120.75
2020.04.07 10:00,0,0,100.85,0,0,0.97398,0.97414,0.97237,0.97283,0,0,-50941.86,0,0,3:00,-13484.38,-26928.68,-40600.64,-50941.86,-3371.09,-6732.17,-10150.16,-12735.47
2020.04.07 11:00,0,0,100.85,0,0,0.97284,0.97398,0.97265,0.97278,0,0,-44070.63,0,0,4:00,-10401.5,-22712.47,-32962.37,-44070.63,-2600.38,-5678.12,-8240.59,-11017.66
2020.04.07 12:00,0,0,100.85,0,0,0.97277,0.974,0.97258,0.97311,0,0,-57914.02,0,0,5:00,-14799.73,-29595.32,-43809.18,-57914.02,-3699.93,-7398.83,-10952.3,-14478.5
2020.04.07 13:00,0,0,100.85,0,0,0.97312,0.97322,0.97191,0.97314,0,0,-57575.7,0,0,6:00,-15324.08,-30017.86,-43954.49,-57575.7,-3831.02,-7504.47,-10988.62,-14393.92
2020.04.07 14:00,0,0,100.85,0,0,0.97315,0.97394,0.97211,0.97225,0,0,-35296.8,0,0,7:00,-9269.32,-16922.07,-23095.67,-35296.8,-2317.33,-4230.52,-5773.92,-8824.2
2020.04.07 15:00,0,0,100.85,0,0,0.97226,0.97287,0.9697,0.97048,0,0,-58665.1,0,0,8:00,-14589.08,-30581.53,-44385.88,-58665.1,-3647.27,-7645.38,-11096.47,-14666.27
2020.04.07 16:00,0,0,100.85,0,0,0.97047,0.97107,0.96895,0.96949,0,0,-64379.12,0,0,9:00,-15304.22,-32449.79,-48588.62,-64379.12,-3826.05,-8112.45,-12147.16,-16094.78
2020.04.07 17:00,0,0,100.85,0,0,0.96954,0.97133,0.96896,0.97124,0,0,-56106.09,0,0,10:00,-15067.09,-30375.71,-44565.18,-56106.09,-3766.77,-7593.93,-11141.3,-14026.52
2020.04.07 18:00,0,0,100.85,0,0,0.97125,0.97169,0.97013,0.97067,0,0,-22001.26,0,0,11:00,-3785.77,-10454.56,-15647.73,-22001.26,-946.44,-2613.64,-3911.93,-5500.31
2020.04.07 19:00,0,0,100.85,0,0,0.97068,0.97082,0.9695,0.97058,0,0,-24719.35,0,0,12:00,-5130.83,-10427.07,-17567.82,-24719.35,-1282.71,-2606.77,-4391.95,-6179.84
2020.04.07 20:00,0,0,100.85,0,0,0.97058,0.9711,0.96948,0.96951,0,0,-17933.66,0,0,13:00,-4298.04,-7980.63,-12001.92,-17933.66,-1074.51,-1995.16,-3000.48,-4483.41
2020.04.07 21:00,0,0,100.85,0,0,0.96951,0.96956,0.96847,0.96899,0,0,-40020.33,0,0,14:00,-10334.18,-20232.76,-30241.48,-40020.33,-2583.55,-5058.19,-7560.37,-10005.08
2020.04.07 22:00,0,0,100.85,0,0,0.96903,0.96905,0.96845,0.96865,0,0,-40575.56,0,0,15:00,-10426.16,-20862.01,-30757.93,-40575.56,-2606.54,-5215.5,-7689.48,-10143.89
2020.04.07 23:00,89.97,0,10.89,0,0,0.96866,0.96965,0.96857,0.96922,-23135.26,0,-3982.44,0,0,16:00,-7901.98,-14415.54,-21002.85,-27117.7,-1975.49,-3603.89,-5250.71,-6779.43
2020.04.08 00:00,79.15,0,21.7,0,0,0.96917,0.96972,0.96874,0.96965,-24772.31,0,-2685.61,0,0,17:00,-7696.81,-15466.07,-23581.79,-27457.92,-1924.2,-3866.52,-5895.45,-6864.48
2020.04.08 01:00,0.74,0,96.52,0,3.6,0.96958,0.96962,0.96906,0.96947,-27.05,0,-7772.93,0,-370.29,18:00,-2207.21,-4313.43,-6138.58,-8170.28,-551.8,-1078.36,-1534.64,-2042.57
2020.04.08 02:00,73.44,0,23.07,0,4.35,0.96949,0.96957,0.96874,0.96922,-12770.1,0,-2042.77,0,-514.64,19:00,-2610.46,-6857.91,-11863.67,-15327.52,-652.62,-1714.48,-2965.92,-3831.88
2020.04.08 03:00,19.12,0,27.79,0,53.93,0.96924,0.97137,0.96897,0.97128,-232.48,0,-2387.9,0,2836.37,20:00,-2759.45,-4062.81,-2197.03,215.99,-689.86,-1015.7,-549.26,54
2020.04.08 04:00,0,0,0,0,100.85,0.97125,0.9713,0.97031,0.97104,0,0,0,0,25931.13,21:00,6224.83,11785.34,18813.05,25931.13,1556.21,2946.34,4703.26,6482.78
2020.04.08 05:00,0,0,0,0,100.85,0.97104,0.97188,0.97073,0.97186,0,0,0,0,34824.53,22:00,8538.7,17386.8,25756.8,34824.53,2134.68,4346.7,6439.2,8706.13
2020.04.08 06:00,0,0,0,100.85,0,0.97185,0.97212,0.97138,0.97207,0,0,0,35895.33,0,23:00,8937.06,17834.87,26810.61,35895.33,2234.26,4458.72,6702.65,8973.83
2020.04.08 07:00,0,0,0,99.23,1.62,0.97206,0.97208,0.9712,0.97185,0,0,0,32199.77,255.67,0:00,8550.67,16409.65,24180.34,32455.44,2137.67,4102.41,6045.09,8113.86
2020.04.08 08:00,0,0,0,7.46,93.4,0.97184,0.972,0.97047,0.97091,0,0,0,2272.3,28934.1,1:00,9253.75,17181.25,24626.05,31206.41,2313.44,4295.31,6156.51,7801.6
2020.04.08 09:00,0,0,0,23.48,77.37,0.9709,0.97428,0.97059,0.97202,0,0,0,5344.96,28708.69,2:00,7670.44,18539.57,27452.51,34053.65,1917.61,4634.89,6863.13,8513.41
2020.04.08 10:00,7.48,0,0,53.79,39.59,0.972,0.97293,0.97154,0.97186,1243.79,0,0,10519.02,9644.63,3:00,4416.96,10216.9,16160.42,21407.45,1104.24,2554.22,4040.11,5351.86
2020.04.08 11:00,69.32,0,0,24.93,6.6,0.97185,0.97272,0.97174,0.97224,12548.86,0,0,5363.67,1401.39,4:00,4205.3,9156.98,14241.58,19313.92,1051.33,2289.24,3560.39,4828.48
2020.04.08 12:00,0,0,0,20.72,80.14,0.97223,0.97223,0.97055,0.97127,0,0,0,3101.35,10070.21,5:00,3805.39,7101.02,10115.84,13171.55,951.35,1775.26,2528.96,3292.89
2020.04.08 13:00,0,0,0,48.21,52.65,0.97128,0.97165,0.97057,0.97113,0,0,0,3604,4115.44,6:00,1882.09,3960.99,5845.06,7719.44,470.52,990.25,1461.27,1929.86
2020.04.08 14:00,0,0,0,6.77,94.08,0.97114,0.97215,0.97093,0.97134,0,0,0,368.63,8245.87,7:00,1832.24,3552.29,5573.24,8614.5,458.06,888.07,1393.31,2153.63
2020.04.08 15:00,0,0,0,82.19,18.66,0.97133,0.9715,0.97041,0.97074,0,0,0,5800.04,1586.72,8:00,2036.8,3775,5563.13,7386.76,509.2,943.75,1390.78,1846.69
2020.04.08 16:00,28.98,0,15.65,56.23,0,0.97075,0.97103,0.96889,0.97015,-2443.49,0,-2271.19,-393.58,0,9:00,500.48,-351.65,-3302.09,-5108.26,125.12,-87.91,-825.52,-1277.07
2020.04.08 17:00,7.98,0,9.12,83.76,0,0.97015,0.97196,0.96935,0.97101,-694.21,0,-1518.8,-14087.69,0,10:00,-4409.87,-9361.04,-13818.37,-16300.7,-1102.47,-2340.26,-3454.59,-4075.18
2020.04.08 18:00,2.9,0,0,97.96,0,0.97104,0.97146,0.96954,0.971,-11.75,0,0,886.76,0,11:00,310.22,247.99,229.98,875,77.56,62,57.5,218.75
2020.04.08 19:00,48.35,0,0,49.13,3.38,0.97102,0.97211,0.97094,0.97119,2908.31,0,0,3372.37,78.12,12:00,824.46,3013.78,4981.11,6358.8,206.12,753.45,1245.28,1589.7
2020.04.08 20:00,15.49,1.35,0,84.02,0,0.97119,0.97148,0.97069,0.97069,295.36,7.12,0,1675.27,0,13:00,424.67,904.99,1469.32,1977.75,106.17,226.25,367.33,494.44
2020.04.08 21:00,0,0,0,100.85,0,0.97069,0.9713,0.9704,0.97116,0,0,0,2901.55,0,14:00,642.29,1337.22,2166.14,2901.55,160.57,334.31,541.53,725.39
2020.04.08 22:00,8.67,0,0,88.64,3.55,0.97116,0.97194,0.97086,0.97187,641.81,0,0,3837.33,97.97,15:00,401.27,793.38,2175.42,4577.11,100.32,198.35,543.86,1144.28
2020.04.08 23:00,0.58,0,0,40.16,60.11,0.97187,0.97235,0.97146,0.97147,67.54,0,0,8028.68,14214.62,16:00,5026,10399.24,16370.83,22310.84,1256.5,2599.81,4092.71,5577.71
2020.04.09 00:00,20.14,0,0,80.72,0,0.97113,0.9716,0.97104,0.97119,560.67,0,0,2351.83,0,17:00,518.48,1099.36,2178.09,2912.5,129.62,274.84,544.52,728.13
2020.04.09 01:00,56.66,1.3,0,42.88,0,0.97118,0.9724,0.97118,0.97192,10090.13,36.1,0,9185.08,0,18:00,5065.67,9858.92,14602.87,19311.31,1266.42,2464.73,3650.72,4827.83
2020.04.09 02:00,98.59,0,0,2.26,0,0.97198,0.97218,0.97173,0.97187,17668.12,0,0,337.38,0,19:00,4396.44,8916.63,13441.07,18005.5,1099.11,2229.16,3360.27,4501.38
2020.04.09 03:00,69.35,1.12,0.57,28.96,0.85,0.97186,0.97217,0.97036,0.97093,7133.37,-23.56,-6.92,1763.14,89.13,20:00,3928.41,7157.66,8730.85,8955.16,982.1,1789.41,2182.71,2238.79
2020.04.09 04:00,4.11,0,0,95.36,1.38,0.97095,0.97213,0.97064,0.97186,60.26,0,0,561.17,61.24,21:00,107.08,-37.26,-179.57,682.66,26.77,-9.32,-44.89,170.67
2020.04.09 05:00,61.91,33.68,0,5.27,0,0.97186,0.97238,0.97169,0.97174,10295.18,6743.93,0,966.53,0,22:00,4680.52,9074.82,13425.29,18005.64,1170.13,2268.7,3356.32,4501.41
2020.04.09 06:00,41.43,59.43,0,0,0,0.97173,0.97235,0.9712,0.97145,3629.42,7865.45,0,0,0,23:00,4270.1,7798.65,9671.4,11494.87,1067.53,1949.66,2417.85,2873.72
2020.04.09 07:00,24.37,7.51,0,68.96,0,0.97145,0.97166,0.97114,0.97142,-301.11,-117.96,0,-1143.45,0,0:00,-356.78,-733.33,-1050.87,-1562.52,-89.2,-183.33,-262.72,-390.63
2020.04.09 08:00,36.68,19.68,0,44.49,0,0.97142,0.97212,0.97124,0.97199,1116.64,621.21,0,-632.99,0,1:00,-412.43,-740.58,-1046.28,1104.86,-103.11,-185.15,-261.57,276.21
2020.04.09 09:00,3.38,0,19.33,0,78.13,0.97199,0.9733,0.97166,0.97181,345.93,0,3146.09,0,28796.4,2:00,9718.44,19319.68,27056.28,32288.42,2429.61,4829.92,6764.07,8072.1
2020.04.09 10:00,12.62,44.46,36.01,7.76,0,0.97181,0.97213,0.9703,0.97066,-2986.02,-2224.91,-1213.7,-1077.86,0,3:00,-405.01,-1358.37,-2329.05,-7502.49,-101.25,-339.59,-582.26,-1875.62
2020.04.09 11:00,32.26,0,16.29,52.31,0,0.97065,0.97107,0.97027,0.97094,-8977.62,0,-4759.27,-12318.82,0,4:00,-6479.59,-12551.98,-19720.11,-26055.71,-1619.9,-3137.99,-4930.03,-6513.93
2020.04.09 12:00,7.46,2.71,58.24,32.46,0,0.97094,0.97104,0.96937,0.96944,-1807.07,-262,-20646.77,-6860.54,0,5:00,-4903.08,-11582.43,-19915.62,-29576.38,-1225.77,-2895.61,-4978.9,-7394.1
2020.04.09 13:00,4.89,14.92,63.34,17.7,0,0.96946,0.9718,0.96922,0.97146,11.69,-61.71,-23906.57,-612.58,0,6:00,-8337.42,-19172.16,-24566.47,-24569.16,-2084.36,-4793.04,-6141.62,-6142.29
2020.04.09 14:00,65.97,19.17,0,13.5,2.22,0.97147,0.9723,0.97117,0.97195,630.73,-279.2,0,1073.79,38.23,7:00,-361.44,-662.6,361.07,1463.56,-90.36,-165.65,90.27,365.89
2020.04.09 15:00,33.77,40.6,15.04,11.43,0,0.97195,0.97196,0.9683,0.96878,-1445.57,315.29,-3669.5,-80.49,0,8:00,1144.36,718.36,209.67,-4880.28,286.09,179.59,52.42,-1220.07
2020.04.09 16:00,0,0,100.85,0,0,0.96881,0.96953,0.96652,0.96758,0,0,-42015.21,0,0,9:00,-10290.26,-22817.71,-33245.83,-42015.21,-2572.57,-5704.43,-8311.46,-10503.8
2020.04.09 17:00,0,0,100.85,0,0,0.96759,0.96859,0.96534,0.96584,0,0,-41659.92,0,0,10:00,-8431.28,-19172.9,-29862.61,-41659.92,-2107.82,-4793.23,-7465.65,-10414.98
2020.04.09 18:00,0,0,100.85,0,0,0.96583,0.96693,0.96494,0.966,0,0,-47807.06,0,0,11:00,-10931.77,-24300.73,-35040.23,-47807.06,-2732.94,-6075.18,-8760.06,-11951.76
2020.04.09 19:00,0,0,100.85,0,0,0.96599,0.96697,0.96559,0.96623,0,0,-32583.49,0,0,12:00,-9889.92,-18467.23,-24884.41,-32583.49,-2472.48,-4616.81,-6221.1,-8145.87
2020.04.09 20:00,0,0,100.85,0,0,0.96625,0.9664,0.96475,0.965,0,0,-54877.51,0,0,13:00,-11821.75,-25044.17,-40167.1,-54877.51,-2955.44,-6261.04,-10041.77,-13719.38
2020.04.09 21:00,0,0,100.85,0,0,0.965,0.96694,0.96498,0.96673,0,0,-45412.45,0,0,14:00,-12143.34,-24710.01,-36866.47,-45412.45,-3035.84,-6177.5,-9216.62,-11353.11
2020.04.09 22:00,0,0,100.85,0,0,0.96674,0.96678,0.96571,0.96572,0,0,-18445.36,0,0,15:00,-3770.13,-8491.55,-13188.51,-18445.36,-942.53,-2122.89,-3297.13,-4611.34
2020.04.09 23:00,0,0,100.85,0,0,0.96574,0.96667,0.96555,0.96599,0,0,-28355.43,0,0,16:00,-8238.59,-15271.79,-21293.86,-28355.43,-2059.65,-3817.95,-5323.47,-7088.86
2020.04.10 00:00,0,0,100.85,0,0,0.96588,0.96675,0.96542,0.9659,0,0,-29540.1,0,0,17:00,-7925.66,-14986.87,-21999.63,-29540.1,-1981.41,-3746.72,-5499.91,-7385.02
2020.04.10 01:00,0,0,100.85,0,0,0.96592,0.96639,0.96564,0.96613,0,0,-28701.55,0,0,18:00,-7360.28,-14835.57,-22293.16,-28701.55,-1840.07,-3708.89,-5573.29,-7175.39
2020.04.10 02:00,0,8.9,91.95,0,0,0.96651,0.96728,0.96624,0.96667,0,-881.71,-14437.77,0,0,19:00,-4167.33,-8350.74,-12117.64,-15319.48,-1041.83,-2087.68,-3029.41,-3829.87
2020.04.10 03:00,0,35.44,65.41,0,0,0.96672,0.96745,0.96644,0.96687,0,-3128.65,-7975.62,0,0,20:00,-2476.19,-4859.53,-8302.03,-11104.27,-619.05,-1214.88,-2075.51,-2776.07
2020.04.10 04:00,76.62,3.56,20.67,0,0,0.96687,0.96704,0.96624,0.96624,-9796.11,-128.02,-1882.28,0,0,21:00,-2358.94,-5422.79,-8311.38,-11806.41,-589.74,-1355.7,-2077.84,-2951.6
2020.04.10 05:00,29.66,0,42.91,0,28.29,0.96624,0.96651,0.96556,0.96565,-4714.34,0,-7817.53,0,-3590.11,22:00,-3232.9,-7290.44,-11433.94,-16121.98,-808.23,-1822.61,-2858.49,-4030.49
2020.04.10 06:00,0,0,100.85,0,0,0.96565,0.96578,0.96521,0.96526,0,0,-28057.75,0,0,23:00,-6378.22,-13349.01,-20574.91,-28057.75,-1594.56,-3337.25,-5143.73,-7014.44
2020.04.10 07:00,3.54,0,97.31,0,0,0.96528,0.96601,0.96492,0.96562,-140.72,0,-33654.88,0,0,0:00,-8644.53,-17769.25,-26268.53,-33795.6,-2161.13,-4442.31,-6567.13,-8448.9
2020.04.10 08:00,0,0,2.53,0,0,0.96562,0.96582,0.96559,0.96578,0,0,-766.02,0,0,1:00,-766.02,0,0,0,-191.51,0,0,0
2020.04.10 07:00,0,0,0,0,0,0.96528,0.96601,0.96492,0.96562,0,0,0,0,0,0:00,0,0,0,0,0,0,0,0
2020.04.10 08:00,0,0,0,0,0.03,0.96562,0.96601,0.96559,0.96588,0,0,0,0,-6.85,1:00,0,0,0,-6.85,0,0,0,-1.71
2020.04.13 00:00,0,0,0,0,100.85,0.96551,0.96552,0.96551,0.96552,0,0,0,0,-6.85,17:00,0,0,0,-6.85,0,0,0,-1.71
2020.04.13 01:00,0,0,0,26.71,74.15,0.96487,0.96537,0.96452,0.96533,0,0,0,1080.35,5111.28,18:00,1008.61,2362.77,4353.27,6191.63,252.15,590.69,1088.32,1547.91
2020.04.13 02:00,0,0,0,57.91,42.94,0.96533,0.96586,0.9653,0.96579,0,0,0,14242.57,11576.08,19:00,6529.07,12713.83,18789.07,25818.65,1632.27,3178.46,4697.27,6454.66
2020.04.13 03:00,15.35,0,0,7.77,77.74,0.96579,0.9661,0.96546,0.96604,3128.26,0,0,1626.96,22348.24,20:00,6562.64,12851.45,19281.2,27103.46,1640.66,3212.86,4820.3,6775.86
2020.04.13 04:00,0,0,0,0,100.85,0.96608,0.96625,0.96513,0.96595,0,0,0,0,37730.51,21:00,11319.8,15638.78,25796.1,37730.51,2829.95,3909.7,6449.02,9432.63
2020.04.13 05:00,0,0,0,0,100.85,0.96596,0.96658,0.96591,0.96634,0,0,0,0,61042.64,22:00,14465.04,30889.83,46459.94,61042.64,3616.26,7722.46,11614.99,15260.66
2020.04.13 06:00,0,0,0,0,100.85,0.96635,0.96674,0.9653,0.96539,0,0,0,0,37375.19,23:00,13605.72,25655.52,32997.16,37375.19,3401.43,6413.88,8249.29,9343.8
2020.04.13 07:00,0,0,0,32.2,68.65,0.9654,0.96563,0.96509,0.96525,0,0,0,1305.94,3238.27,0:00,1209.15,2451.77,3487.98,4544.21,302.29,612.94,872,1136.05
2020.04.13 08:00,0,0,0,100.85,0,0.96526,0.96547,0.96477,0.96544,0,0,0,1684.84,0,1:00,224.05,561.96,1200.52,1684.84,56.01,140.49,300.13,421.21
2020.04.13 09:00,6.85,0,34.26,56.24,3.49,0.96544,0.96544,0.96289,0.96333,-528.83,0,-10434.46,-936.86,7.94,2:00,292.58,-475.09,-4350.88,-11892.2,73.15,-118.77,-1087.72,-2973.05
2020.04.13 10:00,4.49,0,69.85,26.52,0,0.96334,0.9649,0.96295,0.96445,-703.09,0,-29830.96,-2033.56,0,3:00,-11586.65,-22451.34,-30666.69,-32567.61,-2896.66,-5612.84,-7666.67,-8141.9
2020.04.13 11:00,3.58,0,0,35.24,62.02,0.96445,0.96637,0.96429,0.96609,-0.78,0,0,760.57,6844.7,4:00,715.16,2121.78,4568.08,7604.49,178.79,530.45,1142.02,1901.12
2020.04.13 12:00,0,0,0,0,100.85,0.96609,0.96642,0.96587,0.9659,0,0,0,0,27165.85,5:00,6981.42,14294.39,21011.86,27165.85,1745.36,3573.6,5252.97,6791.46
2020.04.13 13:00,0,0,0,0,100.85,0.96587,0.96819,0.96585,0.96701,0,0,0,0,33774.13,6:00,6923.51,19188.28,26913.27,33774.13,1730.88,4797.07,6728.32,8443.53
2020.04.13 14:00,46.92,3.15,0,2.15,48.62,0.96703,0.9677,0.96597,0.96601,9423.3,163.46,0,31.13,15891.62,7:00,8093.57,15869.51,20593.32,25509.5,2023.39,3967.38,5148.33,6377.38
2020.04.13 15:00,3.76,94.62,2.48,0,0,0.96603,0.96686,0.96595,0.96641,187.07,4885.77,12.52,0,0,8:00,259.31,1873.67,3585.59,5085.37,64.83,468.42,896.4,1271.34
2020.04.13 16:00,19.23,32.26,0,0,49.35,0.9664,0.96786,0.96628,0.96743,2709.7,3351.04,0,0,14328.54,9:00,2497.29,6437.54,13198.04,20389.28,624.32,1609.39,3299.51,5097.32
2020.04.13 17:00,25.97,3.69,0,0,71.19,0.96743,0.96838,0.96663,0.968,4676.4,112.47,0,0,22417.14,10:00,8026.75,13270.59,19031.15,27206.01,2006.69,3317.65,4757.79,6801.5
2020.04.13 18:00,20.67,0,4.2,0,75.97,0.96798,0.96863,0.96713,0.96741,5279.47,0,112.7,0,27603.56,11:00,9843.95,18288.53,25843.81,32995.73,2460.99,4572.13,6460.95,8248.93
2020.04.13 19:00,13.38,40.46,22.54,0,24.49,0.96742,0.96751,0.96644,0.96653,1755.14,3535.72,1334,0,5250.97,12:00,5128.78,7716.2,10138.08,11875.83,1282.19,1929.05,2534.52,2968.96
2020.04.13 20:00,8.72,32.81,30.17,0,29.17,0.96652,0.96751,0.96629,0.9665,362.05,-1023.25,-533.51,0,2182.28,13:00,-286.46,1042.42,2094.72,987.56,-71.62,260.61,523.68,246.89
2020.04.13 21:00,0,100.85,0,0,0,0.9665,0.96677,0.96609,0.9662,0,-1297.95,0,0,0,14:00,-359.28,-706.51,-947.7,-1297.95,-89.82,-176.63,-236.93,-324.49
2020.04.13 22:00,0,89.62,11.23,0,0,0.9662,0.96707,0.96606,0.96697,0,-2080.03,-170.34,0,0,15:00,-269.39,-923.16,-1591.9,-2250.37,-67.35,-230.79,-397.98,-562.59
2020.04.13 23:00,31.37,44.76,26.62,0,-1.9,0.96698,0.9676,0.96691,0.96704,3797.5,594.29,251.08,0,660.48,16:00,61.44,1097.7,2332.53,5303.36,15.36,274.43,583.13,1325.84
2020.04.14 00:00,15.9,54.62,30.34,0,0,0.96679,0.96767,0.96624,0.96716,743.7,-3960.33,-954.35,0,0,17:00,0,122.98,-2143.46,-4170.98,0,30.75,-535.87,-1042.74
2020.04.14 01:00,0,0,100.85,0,0,0.96717,0.96746,0.96703,0.9671,0,0,-2910.34,0,0,18:00,-715.11,-1047.16,-1670.59,-2910.34,-178.78,-261.79,-417.65,-727.59
2020.04.14 02:00,0,2.94,97.92,0,0,0.96711,0.96717,0.96615,0.96672,0,-131.2,-8179.03,0,0,19:00,-563.08,-1942.91,-3588.15,-8310.23,-140.77,-485.73,-897.04,-2077.56
2020.04.14 03:00,55.91,40.02,4.91,0,0,0.96671,0.96695,0.9655,0.96573,-10662.96,-7342.35,-566.38,0,0,20:00,-4278.08,-8869.84,-13759.99,-18571.69,-1069.52,-2217.46,-3440,-4642.92
2020.04.14 04:00,2.73,90.68,7.43,0,0,0.96573,0.9663,0.96491,0.96492,-254.07,-19709.5,-1441.35,0,0,21:00,-5331.14,-10910.1,-16069.41,-21404.92,-1332.79,-2727.53,-4017.35,-5351.23
2020.04.14 05:00,4.14,0,94.72,2,0,0.96493,0.965,0.96401,0.96411,-652.44,0,-27102.63,-102.74,0,22:00,-6736.64,-13111.22,-20284.86,-27857.81,-1684.16,-3277.8,-5071.22,-6964.45
2020.04.14 06:00,0,0,100.85,0,0,0.96411,0.96448,0.96392,0.96427,0,0,-35245.41,0,0,23:00,-8719.65,-17649.17,-26281.43,-35245.41,-2179.91,-4412.29,-6570.36,-8811.35
2020.04.14 07:00,0,0,100.85,0,0,0.96425,0.96458,0.96395,0.96456,0,0,-38621.1,0,0,0:00,-10445.04,-20312.03,-29856.54,-38621.1,-2611.26,-5078.01,-7464.14,-9655.27
2020.04.14 08:00,0,0,100.85,0,0,0.96456,0.9651,0.96446,0.96493,0,0,-31207.24,0,0,1:00,-7524.77,-13788.46,-22688.61,-31207.24,-1881.19,-3447.11,-5672.15,-7801.81
2020.04.14 09:00,0,16.59,84.26,0,0,0.96492,0.96581,0.96482,0.96545,0,-772.02,-10006.28,0,0,2:00,-3759.52,-5849.17,-8982.34,-10778.3,-939.88,-1462.29,-2245.59,-2694.57
2020.04.14 10:00,2.84,13.15,84.87,0,0,0.96545,0.96564,0.96455,0.96469,-2.99,-518.25,-12533.13,0,0,3:00,-2157.26,-5820.26,-8010.79,-13054.37,-539.32,-1455.07,-2002.7,-3263.59
2020.04.14 11:00,13.86,63.45,23.53,0,0,0.96469,0.96579,0.96464,0.96514,-338.84,-4247.42,-3059.92,0,0,4:00,-2796.28,-3747.42,-5186.96,-7646.18,-699.07,-936.86,-1296.74,-1911.55
2020.04.14 12:00,11.79,11.93,57.15,19.99,0,0.96515,0.96529,0.9629,0.96331,-1447.39,-798.67,-24799.15,-2122.81,0,5:00,-2309.85,-7827.05,-17514.39,-29168.03,-577.46,-1956.76,-4378.6,-7292.01
2020.04.14 13:00,0,0,100.85,0,0,0.96334,0.96395,0.96302,0.96339,0,0,-43738.8,0,0,6:00,-11568.46,-22336.83,-33502.05,-43738.8,-2892.11,-5584.21,-8375.51,-10934.7
2020.04.14 14:00,0,0,100.85,0,0,0.96338,0.96363,0.96175,0.962,0,0,-58170.42,0,0,7:00,-13827.81,-28154.9,-42613.53,-58170.42,-3456.95,-7038.73,-10653.38,-14542.6
2020.04.14 15:00,0,0,100.85,0,0,0.96201,0.96205,0.96062,0.96095,0,0,-56074.08,0,0,8:00,-15494.33,-30085.32,-43108.49,-56074.08,-3873.58,-7521.33,-10777.12,-14018.52
2020.04.14 16:00,0,0,100.85,0,0,0.96095,0.96222,0.96094,0.96204,0,0,-48526.49,0,0,9:00,-14155.01,-26327.02,-36892.74,-48526.49,-3538.75,-6581.76,-9223.18,-12131.62
2020.04.14 17:00,0,0,100.85,0,0,0.96203,0.96205,0.95954,0.96061,0,0,-55330.36,0,0,10:00,-12618.13,-27487.68,-41922.93,-55330.36,-3154.53,-6871.92,-10480.73,-13832.59
2020.04.14 18:00,0,0,100.85,0,0,0.96061,0.96176,0.96043,0.96058,0,0,-28612.81,0,0,11:00,-6926.65,-12277.58,-18527.7,-28612.81,-1731.66,-3069.39,-4631.93,-7153.2
2020.04.14 19:00,0,0,100.85,0,0,0.96059,0.96137,0.96031,0.96102,0,0,-45473.45,0,0,12:00,-12513.04,-25053.8,-37266.66,-45473.45,-3128.26,-6263.45,-9316.67,-11368.36
2020.04.14 20:00,0,0,100.85,0,0,0.96104,0.96134,0.95987,0.95997,0,0,-31266.66,0,0,13:00,-7783.07,-16077.55,-22561.19,-31266.66,-1945.77,-4019.39,-5640.3,-7816.66
2020.04.14 21:00,0,0,100.85,0,0,0.95996,0.96084,0.95992,0.96027,0,0,-46573.41,0,0,14:00,-11849.52,-23155.28,-34638.45,-46573.41,-2962.38,-5788.82,-8659.61,-11643.35
2020.04.14 22:00,0,0,100.85,0,0,0.96026,0.96053,0.96001,0.96011,0,0,-54244.28,0,0,15:00,-12251.27,-25620.21,-39795.46,-54244.28,-3062.82,-6405.05,-9948.86,-13561.07
2020.04.14 23:00,0,0,100.85,0,0,0.96012,0.96053,0.95989,0.95989,0,0,-54015.25,0,0,16:00,-14899.4,-29154.4,-41910.93,-54015.25,-3724.85,-7288.6,-10477.73,-13503.81
2020.04.15 00:00,0,0,100.85,0,0,0.95958,0.96028,0.95911,0.9599,0,0,-76721.98,0,0,17:00,-18457.56,-38329.75,-57738.07,-76721.98,-4614.39,-9582.44,-14434.52,-19180.49
2020.04.15 01:00,0,0,100.85,0,0,0.95988,0.96022,0.95953,0.96001,0,0,-51824.01,0,0,18:00,-13720.3,-27946.32,-39420.37,-51824.01,-3430.07,-6986.58,-9855.09,-12956
2020.04.15 02:00,0,0,100.85,0,0,0.96001,0.96009,0.95972,0.96,0,0,-41865.65,0,0,19:00,-9758.48,-19689.99,-30323.52,-41865.65,-2439.62,-4922.5,-7580.88,-10466.41
2020.04.15 03:00,0,0,100.85,0,0,0.96002,0.96059,0.95976,0.95992,0,0,-23102.53,0,0,20:00,-5905.2,-11547.21,-16949.95,-23102.53,-1476.3,-2886.8,-4237.49,-5775.63
2020.04.15 04:00,0,0,100.85,0,0,0.95993,0.96057,0.95985,0.96003,0,0,-9867.49,0,0,21:00,-5802.9,-7614.01,-7662.75,-9867.49,-1450.72,-1903.5,-1915.69,-2466.87
2020.04.15 05:00,0,0,100.85,0,0,0.96002,0.96038,0.95997,0.96038,0,0,-15083.79,0,0,22:00,-5934.11,-11772.83,-14014.96,-15083.79,-1483.53,-2943.21,-3503.74,-3770.95
2020.04.15 06:00,47.39,0,53.47,0,0,0.96039,0.96111,0.9603,0.96082,4864.97,0,1681.19,0,0,23:00,534.09,1452.21,4001.85,6546.16,133.52,363.05,1000.46,1636.54
2020.04.15 07:00,95.3,0,5.55,0,0,0.96083,0.96113,0.96069,0.96091,12184.01,0,494.35,0,0,0:00,2808.59,5987.06,9418.24,12678.36,702.15,1496.77,2354.56,3169.59
2020.04.15 08:00,79.98,0,0,10.62,10.26,0.96091,0.96179,0.96076,0.96174,14774.24,0,0,2002.43,1489.14,1:00,4574.1,9120.3,13425.72,18265.8,1143.53,2280.07,3356.43,4566.45
2020.04.15 09:00,47.68,0,0,25.43,27.73,0.96169,0.96268,0.96139,0.96187,9163.81,0,0,4711.28,5826.9,2:00,4763.03,9577.32,14996.29,19701.99,1190.76,2394.33,3749.07,4925.5
2020.04.15 10:00,14.49,0,0,16.88,69.49,0.96187,0.96428,0.96102,0.96427,1163.59,0,0,1840.97,21045.67,3:00,2442.84,7469.71,14439.11,24050.23,610.71,1867.43,3609.78,6012.56
2020.04.15 11:00,0,0,0,0,100.85,0.96426,0.96481,0.96333,0.96398,0,0,0,0,33045.38,4:00,8612.59,15947.96,23260.7,33045.38,2153.15,3986.99,5815.18,8261.34
2020.04.15 12:00,0,0,0,0,100.85,0.96398,0.96417,0.9632,0.96372,0,0,0,0,43333.31,5:00,11987.01,22374.66,31830.11,43333.31,2996.75,5593.66,7957.53,10833.33
2020.04.15 13:00,0,0,0,0,100.85,0.96371,0.96613,0.96345,0.96569,0,0,0,0,46102.05,6:00,9284.74,19521.05,33149.22,46102.05,2321.18,4880.26,8287.31,11525.51
2020.04.15 14:00,0,0,0,0,100.85,0.96568,0.96611,0.96477,0.96513,0,0,0,0,45056.52,7:00,12297.94,24498.55,34373.28,45056.52,3074.49,6124.64,8593.32,11264.13
2020.04.15 15:00,0,0,0,0,100.85,0.96513,0.96997,0.965,0.96965,0,0,0,0,50227.24,8:00,11006.36,24677.92,37667.78,50227.24,2751.59,6169.48,9416.94,12556.81
2020.04.15 16:00,0,0,0,0,100.85,0.96964,0.9697,0.9679,0.96875,0,0,0,0,52514.11,9:00,12774.31,25703.54,38229.94,52514.11,3193.58,6425.89,9557.49,13128.53
2020.04.15 17:00,0,0,0,22.72,78.14,0.96875,0.96884,0.96517,0.96537,0,0,0,2527.95,25595.84,10:00,12075.28,19449.5,24819.94,28123.79,3018.82,4862.38,6204.98,7030.95
2020.04.15 18:00,69.65,31.21,0,0,0,0.96538,0.96559,0.96384,0.96473,8239.07,3760.92,0,0,0,11:00,2487.7,5130.96,8432.65,11999.99,621.92,1282.74,2108.16,3000
2020.04.15 19:00,77.87,22.98,0,0,0,0.96472,0.96527,0.9633,0.96411,11065.75,3214.25,0,0,0,12:00,3472.68,6867.93,10566.33,14280,868.17,1716.98,2641.58,3570
2020.04.15 20:00,31.7,64.01,0,5.15,0,0.96411,0.96489,0.96331,0.96428,-896.07,-2371.86,0,-57.21,0,13:00,-703.14,-1363.11,-2281.93,-3325.14,-175.79,-340.78,-570.48,-831.28
2020.04.15 21:00,12.72,76.53,2.64,8.97,0,0.96426,0.96439,0.9621,0.96355,-591.74,-5075.43,-41.11,-454.14,0,14:00,-989.49,-2812.3,-4765.75,-6162.43,-247.37,-703.08,-1191.44,-1540.61
2020.04.15 22:00,41.48,34.31,25.06,0,0,0.96357,0.9648,0.96348,0.96458,-5694.48,-4455.05,-3090.46,0,0,15:00,-3401.14,-6676.59,-9866.54,-13239.99,-850.28,-1669.15,-2466.64,-3310
2020.04.15 23:00,0,0,100.85,0,0,0.96462,0.9648,0.96427,0.96443,0,0,-13941.26,0,0,16:00,-3433.85,-6918.06,-10466.76,-13941.26,-858.46,-1729.52,-2616.69,-3485.32
2020.04.16 00:00,0,0,100.85,0,0,0.96425,0.96514,0.96424,0.96451,0,0,-12025.34,0,0,17:00,-3213.22,-5932.96,-8974.85,-12025.34,-803.3,-1483.24,-2243.71,-3006.34
2020.04.16 01:00,0,1.65,99.2,0,0,0.96449,0.96519,0.96422,0.96515,0,-19.55,-12122.09,0,0,18:00,-3284.72,-6562.08,-9700.54,-12141.64,-821.18,-1640.52,-2425.14,-3035.41
2020.04.16 02:00,0,0,100.85,0,0,0.96514,0.96544,0.96492,0.96508,0,0,-5278.27,0,0,19:00,-1159.63,-2280.53,-3687.51,-5278.27,-289.91,-570.13,-921.88,-1319.57
2020.04.16 03:00,0,71.7,29.15,0,0,0.9651,0.96701,0.96494,0.96661,0,-4452.78,-1838.94,0,0,20:00,-1732.34,-2911.09,-4359.48,-6291.72,-433.08,-727.77,-1089.87,-1572.93
2020.04.16 04:00,29.07,71.79,0,0,0,0.96661,0.96761,0.96614,0.96754,-204.58,783.38,0,0,0,21:00,22.13,-19.11,-230.11,578.8,5.53,-4.78,-57.53,144.7
2020.04.16 05:00,9.18,89.15,0,0,2.51,0.96755,0.96763,0.96681,0.96682,-62.77,-3895.61,0,0,0.45,22:00,-583.14,-1734.72,-2842.9,-3957.93,-145.79,-433.68,-710.73,-989.48
2020.04.16 06:00,42.66,51.08,0,0,7.11,0.96683,0.96793,0.96678,0.96773,-315.03,-2343.99,0,0,15.41,23:00,-958.3,-1402.9,-2546.25,-2643.6,-239.57,-350.73,-636.56,-660.9
2020.04.16 07:00,54,2.92,0,0,43.92,0.96773,0.96838,0.96707,0.9672,9179.93,336.96,0,0,11116.09,0:00,5239.77,11047.72,16612.5,20632.99,1309.94,2761.93,4153.13,5158.25
2020.04.16 08:00,44.82,20.49,0,35.54,0,0.96719,0.96764,0.96634,0.96663,2889.4,-673.01,0,608.66,0,1:00,3017.25,3758.3,3689.22,2825.05,754.31,939.58,922.3,706.26
2020.04.16 09:00,24.8,71.83,0,4.22,0,0.96662,0.96703,0.96487,0.96624,-491.61,18.98,0,-32.2,0,2:00,-733.51,-1042.93,-873.92,-504.83,-183.38,-260.73,-218.48,-126.21
2020.04.16 10:00,35.34,60.78,0,0,4.73,0.96624,0.96813,0.96571,0.96739,-750.3,-1601.58,0,0,14.04,3:00,-68.24,-797.1,-1499.74,-2337.85,-17.06,-199.28,-374.94,-584.46
2020.04.16 11:00,7.66,93.19,0,0,0,0.96738,0.9678,0.96599,0.96601,-189.85,-2270.06,0,0,0,4:00,-593.73,-1510.47,-1971.39,-2459.92,-148.43,-377.62,-492.85,-614.98
2020.04.16 12:00,3.41,89.52,7.91,0,0,0.96608,0.96855,0.96608,0.96763,-119.88,-9395.68,-821.99,0,0,5:00,-2415.35,-4757.71,-7388.95,-10337.56,-603.84,-1189.43,-1847.24,-2584.39
2020.04.16 13:00,7.7,55.65,37.51,0,0,0.96762,0.96883,0.96606,0.96657,-47.8,-5043.07,-2992.34,0,0,6:00,-1986.44,-4367.49,-6289.28,-8083.21,-496.61,-1091.87,-1572.32,-2020.8
2020.04.16 14:00,0,0,100.85,0,0,0.96656,0.96721,0.96581,0.96612,0,0,-20182.28,0,0,7:00,-4304.17,-10005.53,-14971.16,-20182.28,-1076.04,-2501.38,-3742.79,-5045.57
2020.04.16 15:00,40.15,49.84,10.87,0,0,0.96614,0.96658,0.96459,0.96576,-8419.53,-10571.78,-2052.87,0,0,8:00,-5630.25,-10669.8,-15644.83,-21044.17,-1407.56,-2667.45,-3911.21,-5261.04
2020.04.16 16:00,8.9,23.18,68.76,0,0,0.96577,0.96704,0.96533,0.96645,-1185.44,-4077.16,-8572.41,0,0,9:00,-5027.23,-8470.74,-11160.23,-13835.02,-1256.81,-2117.68,-2790.06,-3458.76
2020.04.16 17:00,11.31,22.29,67.26,0,0,0.96644,0.96907,0.96535,0.96865,421.49,-1005.02,-9916.5,0,0,10:00,-3267.99,-7433.96,-10203.06,-10500.03,-817,-1858.49,-2550.76,-2625.01
2020.04.16 18:00,0,0,0,0,100.85,0.96863,0.97048,0.9684,0.96937,0,0,0,0,24398.88,11:00,5109.26,12320.82,18899.3,24398.88,1277.32,3080.2,4724.82,6099.72
2020.04.16 19:00,5.07,0,0,0,95.79,0.96937,0.97148,0.96869,0.96996,6.44,0,0,0,27172.23,12:00,4995.32,13314.45,21918.1,27178.66,1248.83,3328.61,5479.52,6794.66
2020.04.16 20:00,0,0,0,5.69,95.16,0.96997,0.9702,0.9686,0.96931,0,0,0,69.92,12913.15,13:00,5834.31,8638.23,10765.52,12983.07,1458.58,2159.56,2691.38,3245.77
2020.04.16 21:00,0,0,0,6.48,94.37,0.96935,0.9694,0.96853,0.96903,0,0,0,-131.33,4346.27,14:00,713.89,1558.72,2532.29,4214.94,178.47,389.68,633.07,1053.73
2020.04.16 22:00,30.67,0,0,59.19,11,0.96935,0.9694,0.96857,0.96883,-465.24,0,0,812.24,70.32,15:00,65.75,244.31,344.41,417.32,16.44,61.08,86.1,104.33
2020.04.16 23:00,15.13,0,0,10.63,75.1,0.96883,0.97036,0.96877,0.97021,-261.2,0,0,127.6,5800.01,16:00,-133.89,462.62,3009.61,5666.4,-33.47,115.66,752.4,1416.6
2020.04.17 00:00,1.98,42.48,0,1.12,55.29,0.97022,0.97022,0.96757,0.96794,-46.72,-390.04,0,13.5,5729.96,17:00,3033.58,5318.19,5259.04,5306.69,758.39,1329.55,1314.76,1326.67
2020.04.17 01:00,0,100.85,0,0,0,0.96792,0.96944,0.96792,0.96889,0,-977.67,0,0,0,18:00,-174.01,-469.44,-744.11,-977.67,-43.5,-117.36,-186.03,-244.42
2020.04.17 02:00,0,100.85,0,0,0,0.96892,0.9694,0.96855,0.96906,0,-1153.77,0,0,0,19:00,-394.48,-705.51,-838.49,-1153.77,-98.62,-176.38,-209.62,-288.44
2020.04.17 03:00,0,100.85,0,0,0,0.96907,0.96946,0.96848,0.9687,0,-717.28,0,0,0,20:00,-401.37,-805.71,-753.78,-717.28,-100.34,-201.43,-188.45,-179.32
2020.04.17 04:00,0,79.51,21.35,0,0,0.9687,0.96881,0.96737,0.96791,0,-6620.53,-2286.89,0,0,21:00,-1012.84,-3258.49,-6070.7,-8907.41,-253.21,-814.62,-1517.67,-2226.85
2020.04.17 05:00,0,100.85,0,0,0,0.96793,0.96864,0.96773,0.9681,0,-7411.08,0,0,0,22:00,-1845.99,-3435.09,-5188.1,-7411.08,-461.5,-858.77,-1297.03,-1852.77
2020.04.17 06:00,0,13.59,87.26,0,0,0.96809,0.96858,0.96791,0.96858,0,-1990.93,-17011.22,0,0,23:00,-5384.36,-10459.2,-14874.37,-19002.15,-1346.09,-2614.8,-3718.59,-4750.54
2020.04.17 07:00,0,82.88,17.97,0,0,0.9686,0.96891,0.96785,0.96816,0,-11232.43,-1151.71,0,0,0:00,-1651.56,-4327.34,-8267.08,-12384.14,-412.89,-1081.84,-2066.77,-3096.03
2020.04.17 08:00,0,2,98.85,0,0,0.96818,0.96883,0.96815,0.96854,0,-46.93,-14610.61,0,0,1:00,-4622.29,-7913.51,-11129.44,-14657.53,-1155.57,-1978.38,-2782.36,-3664.38
2020.04.17 09:00,0,85.05,15.8,0,0,0.96854,0.9702,0.96851,0.96919,0,-6569.67,-1289.06,0,0,2:00,-1987.9,-3779.44,-5693.79,-7858.73,-496.98,-944.86,-1423.45,-1964.68
2020.04.17 10:00,11.85,11.96,4.1,0,72.94,0.9692,0.97219,0.9689,0.97132,397.29,-668.68,-38.82,0,18178.37,3:00,655.55,5659.59,11877.96,17868.16,163.89,1414.9,2969.49,4467.04
2020.04.17 11:00,0,0,0,0,100.85,0.97131,0.97206,0.97035,0.9709,0,0,0,0,25160.43,4:00,7637.23,15016.6,20180.04,25160.43,1909.31,3754.15,5045.01,6290.11
2020.04.17 12:00,0,0,0,0,100.85,0.97091,0.97204,0.97086,0.97177,0,0,0,0,38793.86,5:00,9019.34,18135.57,27960.73,38793.86,2254.84,4533.89,6990.18,9698.47
2020.04.17 13:00,2.98,2.26,0,5.2,90.4,0.97176,0.97233,0.97018,0.97031,46.96,16.33,0,206.17,33700.93,6:00,11676.77,22422.93,30439.84,33970.39,2919.19,5605.73,7609.96,8492.6
2020.04.17 14:00,13.61,68.8,18.44,0,0,0.97031,0.97044,0.96875,0.96896,371.58,-1645.28,-1076.14,0,0,7:00,17.3,-1195.67,-1570.31,-2349.85,4.33,-298.92,-392.58,-587.46
2020.04.17 15:00,6.29,5.7,88.87,0,0,0.96897,0.96936,0.96686,0.96754,-507.84,-400.66,-27654.07,0,0,8:00,-5226.29,-13853.19,-21100.35,-28562.57,-1306.57,-3463.3,-5275.09,-7140.64
2020.04.17 16:00,0,0,100.85,0,0,0.96755,0.96809,0.96606,0.96621,0,0,-39504.9,0,0,9:00,-9840.69,-21010.84,-28882.91,-39504.9,-2460.17,-5252.71,-7220.73,-9876.23
2020.04.17 17:00,0,0,100.85,0,0,0.96622,0.96736,0.96555,0.96591,0,0,-55744.66,0,0,10:00,-14382.58,-28539.34,-42353.27,-55744.66,-3595.64,-7134.84,-10588.32,-13936.17
2020.04.17 18:00,0,0,100.85,0,0,0.96596,0.96704,0.96581,0.9662,0,0,-54690.23,0,0,11:00,-13277.22,-26056.62,-39547.83,-54690.23,-3319.3,-6514.15,-9886.96,-13672.56
2020.04.17 19:00,0,0,100.85,0,0,0.96619,0.96821,0.96608,0.96746,0,0,-37440.86,0,0,12:00,-14946.9,-24876.35,-30764.92,-37440.86,-3736.72,-6219.09,-7691.23,-9360.22
2020.04.17 20:00,0,0,100.85,0,0,0.96745,0.96749,0.96625,0.96684,0,0,-33165.01,0,0,13:00,-6036.99,-13064.59,-23111.47,-33165.01,-1509.25,-3266.15,-5777.87,-8291.25
2020.04.17 21:00,0,0,100.85,0,0,0.96684,0.96774,0.96683,0.9674,0,0,-20649.26,0,0,14:00,-5987.58,-10663.42,-15795.61,-20649.26,-1496.89,-2665.86,-3948.9,-5162.31
2020.04.17 22:00,0,0,100.85,0,0,0.96746,0.96781,0.96714,0.96743,0,0,-12815.56,0,0,15:00,-3171.03,-5926.23,-9082.81,-12815.56,-792.76,-1481.56,-2270.7,-3203.89
2020.04.17 23:00,0,0,84.67,0,0,0.96743,0.96782,0.96684,0.96696,0,0,-8789.78,0,0,16:00,-1153.15,-3875.46,-6999.29,-8789.78,-288.29,-968.87,-1749.82,-2197.45
2020.04.17 22:00,0,0,0,0,0,0.96746,0.96781,0.96714,0.96743,0,0,0,0,0,15:00,0,0,0,0,0,0,0,0
2020.04.20 08:00,0.03,0,0,0,0,0.96737,0.96895,0.96736,0.96882,-8.07,0,0,0,0,1:00,0,0,0,-8.07,0,0,0,-2.02
2020.04.20 07:00,100.85,0,0,0,0,0.96824,0.96825,0.96727,0.96738,-8.07,0,0,0,0,0:00,0,0,0,-8.07,0,0,0,-2.02
2020.04.20 08:00,0,100.85,0,0,0,0.96737,0.96895,0.96736,0.96878,0,3541.19,0,0,0,1:00,0,0,0,3541.19,0,0,0,885.3
2020.04.20 09:00,39.61,61.25,0,0,0,0.96875,0.96997,0.96848,0.96861,6166.42,7795.25,0,0,0,2:00,3611.17,7478.35,10582.52,13961.66,902.79,1869.59,2645.63,3490.41
2020.04.20 10:00,0,30.3,70.55,0,0,0.96861,0.96895,0.96739,0.96745,0,-540.3,-3221.31,0,0,3:00,-390.4,-1658.3,-2595.3,-3761.61,-97.6,-414.57,-648.83,-940.4
2020.04.20 11:00,30.16,69.1,0.55,1.05,0,0.96745,0.96826,0.96659,0.96665,-4106.21,-2216.69,-1.28,-28.59,0,4:00,-749.32,-1511.17,-2484.96,-6352.78,-187.33,-377.79,-621.24,-1588.19
2020.04.20 12:00,0,0,100.85,0,0,0.96664,0.96683,0.96549,0.96657,0,0,-45690.68,0,0,5:00,-12550.51,-26964.98,-37003.05,-45690.68,-3137.63,-6741.24,-9250.76,-11422.67
2020.04.20 13:00,53.25,7.86,12.31,27.45,0,0.96655,0.96878,0.96655,0.96824,-2615.35,-251.06,-1142.65,-1257.74,0,6:00,-1682.59,-2702.45,-3936.46,-5266.8,-420.65,-675.61,-984.12,-1316.7
2020.04.20 14:00,33.93,29.1,0,37.82,0,0.96824,0.96913,0.96794,0.96877,456.66,-992.12,0,681.23,0,7:00,-453.76,402.3,579.47,145.78,-113.44,100.58,144.87,36.45
2020.04.20 15:00,24.42,23.25,48.56,0,4.64,0.96876,0.96924,0.96755,0.9682,2195.22,-2097.07,-1119.14,0,541.36,8:00,1447.79,3014.47,1699.66,-479.63,361.95,753.62,424.92,-119.91
2020.04.20 16:00,11.71,73.32,5.35,0,10.49,0.9682,0.96913,0.96727,0.96785,-15.77,-507.12,21.31,0,821.42,9:00,-179.55,891.33,539.32,319.85,-44.89,222.83,134.83,79.96
2020.04.20 17:00,2.98,9.36,27.25,61.28,0,0.96787,0.9681,0.96586,0.96621,-5.34,76.34,-4264.22,1924.79,0,10:00,554.43,1469.22,1587.31,-2268.44,138.61,367.31,396.83,-567.11
2020.04.20 18:00,5.31,0,18.61,76.92,0,0.96622,0.96738,0.96603,0.96704,-519.62,0,-4143.35,-1810.47,0,11:00,-5001.59,-6362.12,-5925.71,-6473.44,-1250.4,-1590.53,-1481.43,-1618.36
2020.04.20 19:00,32.73,0,35.18,32.95,0,0.96706,0.96737,0.96607,0.96728,-1302.51,0,-5231.63,723.55,0,12:00,-1131.86,-5788.75,-6245.79,-5810.59,-282.96,-1447.19,-1561.45,-1452.65
2020.04.20 20:00,0,0,0,100.85,0,0.96729,0.96783,0.96696,0.96728,0,0,0,238.04,0,13:00,250.27,156.25,130.58,238.04,62.57,39.06,32.65,59.51
2020.04.20 21:00,0,52.26,0,48.59,0,0.96729,0.96824,0.96704,0.96783,0,-851.33,0,-256.14,0,14:00,175.93,-322.44,-754.4,-1107.47,43.98,-80.61,-188.6,-276.87
2020.04.20 22:00,5.05,95.8,0,0,0,0.96784,0.96847,0.96742,0.96846,-93.02,-2009.8,0,0,0,15:00,-205.12,-513.23,-1235.82,-2102.82,-51.28,-128.31,-308.95,-525.71
2020.04.20 23:00,58.22,42.64,0,0,0,0.96847,0.96856,0.96761,0.96781,-703.14,776.76,0,0,0,16:00,986.71,1028.61,621.82,73.63,246.68,257.15,155.46,18.41
2020.04.21 00:00,0,0,0,2.17,98.69,0.96782,0.96782,0.96698,0.96721,0,0,0,64.01,4932.94,17:00,1115.19,2390.53,3737.65,4996.95,278.8,597.63,934.41,1249.24
2020.04.21 01:00,0,0,0,68.59,32.26,0.96721,0.96802,0.96715,0.9679,0,0,0,2376.22,1300.54,18:00,1006.48,1892.35,2753.73,3676.75,251.62,473.09,688.43,919.19
2020.04.21 02:00,53.85,40.57,0,6.43,0,0.96792,0.96827,0.96781,0.96798,5623.65,4807.46,0,469.36,0,19:00,2736.94,5756.72,8628.36,10900.46,684.24,1439.18,2157.09,2725.11
2020.04.21 03:00,0,11.14,0,0,0,0.96799,0.96838,0.96798,0.9683,0,1405.56,0,0,0,20:00,1405.56,0,0,0,351.39,0,0,0
1970.01.01 00:00,0,60.4,0,40.46,0,0,0,0,0,0,2790.84,0,5.28,0,,2796.12,0,0,0,699.03,0,0,0
2020.04.21 02:00,0,0,0,0,100.85,0.96795,0.9683,0.96784,0.96801,0,0,0,0,13743894876,19:00,13743894876,0,0,0,3435973719,0,0,0
2020.04.21 03:00,25.57,75.29,0,0,0,0.96802,0.969,0.96801,0.96881,373.67,245.61,0,0,0,20:00,-22.21,235.42,735.85,619.28,-5.55,58.86,183.96,154.82
2020.04.21 04:00,48.25,18.78,0,8.97,24.86,0.9688,0.96972,0.96853,0.96966,494.55,409.24,0,313.55,3204.75,21:00,521.57,586.96,1190.48,4422.1,130.39,146.74,297.62,1105.53
2020.04.21 05:00,0,0,0,0,100.85,0.96967,0.97134,0.96951,0.97076,0,0,0,0,26679.06,22:00,7154.85,14898.33,21633.1,26679.06,1788.71,3724.58,5408.27,6669.77
2020.04.21 06:00,0,0,0,0,29.75,0.97076,0.97091,0.97042,0.97082,0,0,0,0,8316.82,23:00,6967.52,8316.82,0,0,1741.88,2079.2,0,0
2020.04.21 03:00,0,0,0,0,100.85,0.96799,0.96839,0.96798,0.96831,0,0,0,0,8786.06,20:00,6967.52,8786.06,0,0,1741.88,2196.51,0,0
2020.04.21 05:00,0,0,0,0,100.85,0.96964,0.97131,0.96948,0.97073,0,0,0,0,1717986899,22:00,0,1717986899,0,0,0,429496724.7,0,0
2020.04.21 06:00,0,0,0,0,100.85,0.97073,0.97088,0.97015,0.97017,0,0,0,0,1.05914E+12,23:00,0,2.86904E+11,6.73451E+11,1.05914E+12,0,71725952606,1.68363E+11,2.64785E+11
2020.04.21 07:00,0,0,0,0,100.85,0.9702,0.97083,0.97004,0.97063,0,0,0,0,1.54619E+12,0:00,3.86977E+11,7.73953E+11,1.1605E+12,1.54619E+12,96744136197,1.93488E+11,2.90125E+11,3.86547E+11
2020.04.21 08:00,0,0,0,0,100.85,0.97063,0.97103,0.96979,0.96989,0,0,0,0,1.54619E+12,1:00,3.86977E+11,7.73953E+11,1.1605E+12,1.54619E+12,96744136973,1.93488E+11,2.90125E+11,3.86547E+11
2020.04.21 09:00,0,0,0,27.58,73.28,0.9699,0.97029,0.96945,0.96994,0,0,0,4.19189E+11,1.12571E+12,2:00,3.86118E+11,7.73094E+11,1.15921E+12,1.5449E+12,96529387362,1.93274E+11,2.89803E+11,3.86225E+11
2020.04.21 10:00,0,0,0,20.37,80.48,0.96994,0.97096,0.96957,0.97067,0,0,0,3.09238E+11,1.23867E+12,3:00,3.86977E+11,7.73953E+11,1.1605E+12,1.54791E+12,96744135611,1.93488E+11,2.90125E+11,3.86977E+11
2020.04.21 11:00,2.6,0,0,22.21,76.04,0.97066,0.97167,0.96928,0.96988,34789234004,0,0,3.38014E+11,1.17038E+12,4:00,3.86547E+11,7.71806E+11,1.15878E+12,1.54318E+12,96636762373,1.92951E+11,2.89696E+11,3.85795E+11
2020.04.21 12:00,60.44,20.97,0.97,14.08,4.41,0.96987,0.97112,0.96905,0.97087,9.31149E+11,3.20834E+11,11596411311,2.14319E+11,64854004536,5:00,3.85688E+11,7.70947E+11,1.15706E+12,1.54275E+12,96422012594,1.92737E+11,2.89266E+11,3.85688E+11
2020.04.21 13:00,63.14,0.81,0,0,36.89,0.97088,0.97157,0.97017,0.97062,9.71951E+11,8160437583,0,0,5.66077E+11,6:00,3.86977E+11,7.73524E+11,1.1605E+12,1.54619E+12,96744135752,1.93381E+11,2.90125E+11,3.86547E+11
2020.04.21 14:00,97.5,0.81,0,0,2.53,0.97063,0.97125,0.97017,0.97062,1.50324E+12,8160437602,0,0,34789234323,7:00,3.86547E+11,7.73524E+11,1.1605E+12,1.54619E+12,96636761636,1.93381E+11,2.90125E+11,3.86547E+11
2020.04.21 15:00,52.06,9.03,0,0,39.75,0.97062,0.97194,0.97008,0.97163,8.00582E+11,1.35291E+11,0,0,6.10315E+11,8:00,3.86547E+11,7.73524E+11,1.1605E+12,1.54619E+12,96636761203,1.93381E+11,2.90125E+11,3.86547E+11
2020.04.21 16:00,0.7,5.86,11.64,26.14,56.5,0.97162,0.97271,0.96752,0.96783,8160437637,88046827077,1.77382E+11,4.01579E+11,8.71019E+11,9:00,3.86977E+11,7.73524E+11,1.16007E+12,1.54619E+12,96744136829,1.93381E+11,2.90018E+11,3.86547E+11
2020.04.21 17:00,72.84,0,5.93,22.07,0,0.96777,0.9697,0.96695,0.96874,1.12227E+12,0,87617329168,3.37155E+11,0,10:00,3.86118E+11,7.73094E+11,1.16007E+12,1.54705E+12,96529386799,1.93274E+11,2.90018E+11,3.86762E+11
2020.04.21 18:00,56.64,0,41.09,3.11,0,0.96874,0.96918,0.96746,0.96918,8.69301E+11,0,6.28783E+11,41661181667,0,11:00,3.84829E+11,7.71376E+11,1.15706E+12,1.53975E+12,96207264314,1.92844E+11,2.89266E+11,3.84936E+11
2020.04.21 19:00,12.23,0,0,88.62,0,0.96918,0.97041,0.96862,0.97036,1.79959E+11,0,0,1.36108E+12,0,12:00,3.82682E+11,7.68799E+11,1.15406E+12,1.54103E+12,95670393890,1.922E+11,2.88514E+11,3.85259E+11
2020.04.21 20:00,69.07,31.79,0,0,0,0.97037,0.97062,0.96998,0.97034,1.06129E+12,4.84902E+11,0,0,0,13:00,3.86118E+11,7.72665E+11,1.15921E+12,1.54619E+12,96529386620,1.93166E+11,2.89803E+11,3.86547E+11
2020.04.21 21:00,93.8,7.05,0,0,0,0.97035,0.97063,0.96936,0.96986,1.44354E+12,1.0222E+11,0,0,0,14:00,3.86118E+11,7.72665E+11,1.15921E+12,1.54576E+12,96529386637,1.93166E+11,2.89803E+11,3.8644E+11
2020.04.21 22:00,100.85,0,0,0,0,0.96986,0.97015,0.96902,0.9694,1.54619E+12,0,0,0,0,15:00,3.86118E+11,7.72665E+11,1.15921E+12,1.54619E+12,96529386778,1.93166E+11,2.89803E+11,3.86547E+11
2020.04.21 23:00,0,0,0,0,100.85,0.96945,0.96969,0.96907,0.96928,0,0,0,0,1.54576E+12,16:00,3.86118E+11,7.72665E+11,1.15964E+12,1.54576E+12,96529387318,1.93166E+11,2.8991E+11,3.8644E+11
2020.04.22 00:00,0,0,0,0.57,100.29,0.96928,0.96928,0.96875,0.96886,0,0,0,2576980299,1.54447E+12,17:00,3.87406E+11,7.73524E+11,1.1605E+12,1.54705E+12,96851509579,1.93381E+11,2.90125E+11,3.86762E+11
2020.04.22 01:00,0,63.4,0,36.73,0.71,0.96908,0.9701,0.96908,0.96986,0,9.75817E+11,0,5.635E+11,6442450734,18:00,3.86118E+11,7.72665E+11,1.15921E+12,1.54576E+12,96529386764,1.93166E+11,2.89803E+11,3.8644E+11
2020.04.22 02:00,0,100.85,0,0,0,0.96986,0.97001,0.9696,0.96969,0,1.54619E+12,0,0,0,19:00,3.86547E+11,7.73094E+11,1.15964E+12,1.54619E+12,96636760754,1.93274E+11,2.8991E+11,3.86547E+11
2020.04.22 03:00,7.14,88.61,5.11,0,0,0.96969,0.97032,0.9693,0.9698,1.06086E+11,1.3658E+12,74732428441,0,0,20:00,3.86547E+11,7.73524E+11,1.1605E+12,1.54662E+12,96636760875,1.93381E+11,2.90125E+11,3.86654E+11
2020.04.22 04:00,58.65,16.96,0,25.23,0,0.9698,0.97024,0.96911,0.97008,9.02373E+11,2.57698E+11,0,3.85688E+11,0,21:00,3.86547E+11,7.73524E+11,1.1605E+12,1.54576E+12,96636760972,1.93381E+11,2.90125E+11,3.8644E+11
2020.04.22 05:00,76.1,24.75,0,0,0,0.97007,0.97024,0.96929,0.9698,1.17038E+12,3.76239E+11,0,0,0,22:00,3.86977E+11,7.73953E+11,1.16093E+12,1.54662E+12,96744135041,1.93488E+11,2.90232E+11,3.86654E+11
2020.04.22 06:00,1.1,77.6,0,22.15,0,0.96981,0.97039,0.96961,0.97018,12455404769,1.19529E+12,0,3.38014E+11,0,23:00,3.86547E+11,7.73524E+11,1.1605E+12,1.54576E+12,96636761146,1.93381E+11,2.90125E+11,3.8644E+11
2020.04.22 07:00,0,100.85,0,0,0,0.97019,0.97044,0.96996,0.97018,0,1.54748E+12,0,0,0,0:00,3.86977E+11,7.73953E+11,1.16093E+12,1.54748E+12,96744135360,1.93488E+11,2.90232E+11,3.86869E+11
2020.04.22 08:00,26.09,8,0,66.75,0,0.97019,0.97028,0.96944,0.96973,3.98573E+11,1.18971E+11,0,1.02736E+12,0,1:00,3.85688E+11,7.72665E+11,1.15964E+12,1.5449E+12,96422012643,1.93166E+11,2.8991E+11,3.86225E+11
2020.04.22 09:00,29.2,0,0,70.53,1.11,0.9697,0.96998,0.96856,0.96928,4.47106E+11,0,0,1.0862E+12,12884901475,2:00,3.86977E+11,7.73953E+11,1.16093E+12,1.54619E+12,96744135205,1.93488E+11,2.90232E+11,3.86547E+11
2020.04.22 10:00,23.39,0,0,22.59,54.86,0.96928,0.96956,0.96823,0.9694,3.57341E+11,0,0,3.44886E+11,8.43961E+11,3:00,3.86547E+11,7.73524E+11,1.1605E+12,1.54619E+12,96636761240,1.93381E+11,2.90125E+11,3.86547E+11
2020.04.22 11:00,0,0,0,27.37,73.48,0.9694,0.97008,0.96882,0.96902,0,0,0,4.1833E+11,1.13129E+12,4:00,3.86547E+11,7.73524E+11,1.1605E+12,1.54962E+12,96636761294,1.93381E+11,2.90125E+11,3.87406E+11
2020.04.22 12:00,0,0,0,1.38,99.47,0.96901,0.96904,0.96826,0.96892,0,0,0,12884901470,1.52944E+12,5:00,3.844E+11,7.71376E+11,1.15835E+12,1.54232E+12,96099889679,1.92844E+11,2.89588E+11,3.85581E+11
2020.04.22 13:00,0,0,0,1.37,99.49,0.96893,0.96922,0.96782,0.96789,0,0,0,14602888334,1.53159E+12,6:00,3.86977E+11,7.73953E+11,1.16093E+12,1.54619E+12,96744135191,1.93488E+11,2.90232E+11,3.86547E+11
2020.04.22 14:00,6.99,0,0,0,93.87,0.96789,0.96821,0.96678,0.96766,1.01361E+11,0,0,0,1.44483E+12,7:00,3.86977E+11,7.73953E+11,1.1605E+12,1.54619E+12,96744134334,1.93488E+11,2.90125E+11,3.86547E+11
2020.04.22 15:00,0,0,0,0,100.85,0.96764,0.96873,0.96759,0.96834,0,0,0,0,1.54619E+12,8:00,3.86977E+11,7.73953E+11,1.1605E+12,1.54619E+12,96744134921,1.93488E+11,2.90125E+11,3.86547E+11
2020.04.22 16:00,0,0,0,64.18,36.68,0.96835,0.96937,0.96809,0.96931,0,0,0,9.85695E+11,5.60493E+11,9:00,3.86977E+11,7.73953E+11,1.1605E+12,1.54619E+12,96744135135,1.93488E+11,2.90125E+11,3.86547E+11
2020.04.22 17:00,28.08,0,0,3.91,68.85,0.96932,0.97148,0.96892,0.97106,4.29926E+11,0,0,56264069606,1.06043E+12,10:00,3.86977E+11,7.73953E+11,1.1605E+12,1.54662E+12,96744134982,1.93488E+11,2.90125E+11,3.86654E+11
2020.04.22 18:00,0,0,0,0,100.85,0.97107,0.97186,0.97068,0.97098,0,0,0,0,1.54576E+12,11:00,3.86547E+11,7.73524E+11,1.15878E+12,1.54576E+12,96636762197,1.93381E+11,2.89696E+11,3.8644E+11
2020.04.22 19:00,0,0,0,0,100.85,0.97099,0.97248,0.97099,0.97207,0,0,0,0,1.54576E+12,12:00,3.86118E+11,7.72665E+11,1.15921E+12,1.54576E+12,96529387877,1.93166E+11,2.89803E+11,3.8644E+11
2020.04.22 20:00,0,0,0,0,100.85,0.97207,0.9731,0.97198,0.97258,0,0,0,0,1.54662E+12,13:00,3.86547E+11,7.72665E+11,1.15921E+12,1.54662E+12,96636763317,1.93166E+11,2.89803E+11,3.86654E+11
2020.04.22 21:00,0,0,0,0,100.85,0.97259,0.97268,0.97176,0.9721,0,0,0,0,1.54576E+12,14:00,3.86118E+11,7.73094E+11,1.15921E+12,1.54576E+12,96529389008,1.93274E+11,2.89803E+11,3.8644E+11
2020.04.22 22:00,0,0,0,0,100.85,0.9721,0.97262,0.97186,0.97209,0,0,0,0,1.54662E+12,15:00,3.86547E+11,7.73094E+11,1.15964E+12,1.54662E+12,96636762614,1.93274E+11,2.8991E+11,3.86654E+11
2020.04.22 23:00,0,0,0,2.58,98.27,0.9721,0.97237,0.97127,0.97155,0,0,0,33071247194,1.51269E+12,16:00,3.86118E+11,7.72665E+11,1.15921E+12,1.54576E+12,96529387958,1.93166E+11,2.89803E+11,3.8644E+11
2020.04.23 00:00,13.94,0,0,86.44,0.46,0.97156,0.97157,0.97069,0.97116,2.11312E+11,0,0,1.3323E+12,3006477013,17:00,3.86547E+11,7.73524E+11,1.16007E+12,1.54662E+12,96636761099,1.93381E+11,2.90018E+11,3.86654E+11
2020.04.23 01:00,65.06,0,0,25.06,10.72,0.97137,0.97175,0.97137,0.97159,1.00159E+12,0,0,3.83111E+11,1.61491E+11,18:00,3.86118E+11,7.72665E+11,1.15921E+12,1.54619E+12,96529386717,1.93166E+11,2.89803E+11,3.86547E+11
2020.04.23 02:00,58.9,0,0,1.51,40.43,0.97159,0.97283,0.97152,0.9728,9.06238E+11,0,0,18897855469,6.20623E+11,19:00,3.86118E+11,7.72235E+11,1.15878E+12,1.54576E+12,96529386779,1.93059E+11,2.89696E+11,3.8644E+11
2020.04.23 03:00,40.36,0,0,0,60.5,0.97278,0.97306,0.97222,0.97238,6.17616E+11,0,0,0,9.29001E+11,20:00,3.86118E+11,7.73524E+11,1.1605E+12,1.54662E+12,96529388011,1.93381E+11,2.90125E+11,3.86654E+11
2020.04.23 04:00,0,0,0,2.79,98.07,0.97238,0.97242,0.97139,0.97177,0,0,0,36507221061,1.50968E+12,21:00,3.86547E+11,7.73524E+11,1.1605E+12,1.54619E+12,96636762078,1.93381E+11,2.90125E+11,3.86547E+11
2020.04.23 05:00,0,0,0,0,100.85,0.97177,0.97263,0.97176,0.97238,0,0,0,0,1.54576E+12,22:00,3.86547E+11,7.73524E+11,1.1605E+12,1.54576E+12,96636761721,1.93381E+11,2.90125E+11,3.8644E+11
2020.04.23 06:00,0,0,0,0,100.85,0.97237,0.97267,0.97228,0.97258,0,0,0,0,1.54662E+12,23:00,3.86977E+11,7.73953E+11,1.16093E+12,1.54662E+12,96744136434,1.93488E+11,2.90232E+11,3.86654E+11
2020.04.23 07:00,0,0,0,0,100.85,0.97257,0.97268,0.97195,0.97217,0,0,0,0,1.54533E+12,0:00,3.86547E+11,7.73524E+11,1.1605E+12,1.54533E+12,96636762409,1.93381E+11,2.90125E+11,3.86332E+11
2020.04.23 08:00,0,0,0,91.62,9.24,0.97217,0.97217,0.97066,0.97099,0,0,0,1.41004E+12,1.3615E+11,1:00,3.86977E+11,7.73953E+11,1.16093E+12,1.54619E+12,96744135824,1.93488E+11,2.90232E+11,3.86547E+11
2020.04.23 09:00,5.06,0,0,0.75,95.03,0.97098,0.97246,0.97067,0.97207,73873435650,0,0,7301444216,1.46501E+12,2:00,3.86977E+11,7.73953E+11,1.16093E+12,1.54619E+12,96744135378,1.93488E+11,2.90232E+11,3.86547E+11
2020.04.23 10:00,16.69,0,0,0.39,48.61,0.97207,0.97476,0.97194,0.97402,2.58128E+11,0,0,6012954055,7.51619E+11,3:00,3.86547E+11,7.73524E+11,1.01576E+12,0,96636761765,1.93381E+11,2.5394E+11,0
2020.04.23 09:00,0,0,0,0,0,0.97098,0.97246,0.97067,0.97207,0,0,0,0,0,2:00,0,0,0,0,0,0,0,0
2020.04.23 10:00,0,0,0,0,100.85,0.97207,0.97476,0.97194,0.97386,0,0,0,0,6319.2,3:00,0,0,754.87,6319.2,0,0,188.72,1579.8
2020.04.23 11:00,0,0,0,0,100.85,0.97386,0.97418,0.97315,0.97367,0,0,0,0,27969.26,4:00,6418.11,12979.24,19438.62,27969.26,1604.53,3244.81,4859.65,6992.31
2020.04.23 12:00,0,0,0,0,100.85,0.97366,0.97599,0.97335,0.97561,0,0,0,0,48123.29,5:00,9846.86,23129.6,34642.77,48123.29,2461.72,5782.4,8660.69,12030.82
2020.04.23 13:00,0,0,0,0,100.85,0.97562,0.97706,0.97522,0.97537,0,0,0,0,47263.91,6:00,12219.34,23713.39,36237.2,47263.91,3054.84,5928.35,9059.3,11815.98
2020.04.23 14:00,3.89,13.17,0,0,83.78,0.97536,0.97604,0.97405,0.97599,49.94,214.34,0,0,10500.14,7:00,1810.31,3003.84,5569.22,10764.41,452.58,750.96,1392.31,2691.1
2020.04.23 15:00,13.2,33.51,0,4.48,49.65,0.976,0.97607,0.97355,0.97359,53.7,-1356.96,0,-199.25,8424.44,8:00,5954.27,7679.26,7733.69,6921.93,1488.57,1919.82,1933.42,1730.48
2020.04.23 16:00,0,100.85,0,0,0,0.97401,0.97464,0.97344,0.97394,0,-6143.29,0,0,0,9:00,-1652.62,-3473.34,-4792.55,-6143.29,-413.15,-868.34,-1198.14,-1535.82
2020.04.23 17:00,0,52.08,48.77,0,0,0.97395,0.97411,0.97086,0.97206,0,-9860.67,-13676.58,0,0,10:00,-2104.88,-8305.42,-16154.19,-23537.25,-526.22,-2076.36,-4038.55,-5884.31
2020.04.23 18:00,24.99,40.63,35.24,0,0,0.97206,0.97338,0.9711,0.97319,-4194.1,-9590.88,-10175.95,0,0,11:00,-6846.19,-13843.45,-19694.72,-23960.93,-1711.55,-3460.86,-4923.68,-5990.23
2020.04.23 19:00,0,95.9,4.95,0,0,0.97317,0.97384,0.97285,0.97296,0,-6664.94,-223.92,0,0,12:00,-2093.01,-3694.04,-5274.93,-6888.86,-523.25,-923.51,-1318.73,-1722.21
2020.04.23 20:00,8.3,41.19,14.91,0,36.46,0.97293,0.97705,0.97286,0.97687,-342.59,-3615.13,-1341.39,0,131,13:00,-2457.44,-3474.28,-5519.39,-5168.11,-614.36,-868.57,-1379.85,-1292.03
2020.04.23 21:00,0,0,0,0,100.85,0.97686,0.97717,0.97608,0.97618,0,0,0,0,3230.63,14:00,1919.33,3642.54,3838.3,3230.63,479.83,910.64,959.58,807.66
2020.04.23 22:00,0,0,0,0,100.85,0.97619,0.97623,0.9757,0.9759,0,0,0,0,4780.44,15:00,1262.49,2625.17,3608.41,4780.44,315.62,656.29,902.1,1195.11
2020.04.23 23:00,6.61,0,0,0,94.25,0.97589,0.97706,0.97579,0.97588,-397.09,0,0,0,7477.83,16:00,1546.61,4724.91,7354.7,7080.74,386.65,1181.23,1838.67,1770.18
2020.04.24 00:00,1.5,0,0,3.97,0,0.97566,0.9758,0.975,0.97544,58.36,0,0,72.7,0,17:00,131.06,0,0,0,32.77,0,0,0
2020.04.23 23:00,0,0,0,0,0,0.97589,0.97706,0.97579,0.97588,0,0,0,0,0,16:00,0,0,0,0,0,0,0,0
2020.04.24 00:00,4.03,0,0,92.14,4.69,0.97566,0.9758,0.97479,0.97539,0.21,0,0,2225.8,25.91,17:00,316.09,871.68,1548.86,2251.92,79.02,217.92,387.21,562.98
2020.04.24 01:00,100.32,0,0,0,0.54,0.97538,0.97598,0.97538,0.97586,2872.81,0,0,0,-0.44,18:00,712.79,1601.68,2365.15,2872.37,178.2,400.42,591.29,718.09
2020.04.24 02:00,100.85,0,0,0,0,0.97586,0.97635,0.97572,0.97627,5030.52,0,0,0,0,19:00,891.61,1705.39,3053.36,5030.52,222.9,426.35,763.34,1257.63
2020.04.24 03:00,4.1,22.13,3.15,0,71.49,0.97628,0.97747,0.97603,0.9771,466.37,1704.75,190.97,0,15062.41,20:00,1924.34,7077.16,12613.67,17424.5,481.08,1769.29,3153.42,4356.13
2020.04.24 04:00,0,0,0,0,100.85,0.97714,0.97715,0.97647,0.97672,0,0,0,0,26417.63,21:00,7257.6,14031.43,20825.48,26417.63,1814.4,3507.86,5206.37,6604.41
2020.04.24 05:00,0,0,0,0,100.85,0.97673,0.97692,0.9765,0.97679,0,0,0,0,30620.76,22:00,7326.74,15129.55,23251.12,30620.76,1831.68,3782.39,5812.78,7655.19
2020.04.24 06:00,0,0,0,0,100.85,0.9768,0.97702,0.97664,0.97672,0,0,0,0,39484.64,23:00,10272.21,20286.12,30114.79,39484.64,2568.05,5071.53,7528.7,9871.16
2020.04.24 07:00,0,0,0,0,100.85,0.97673,0.97688,0.97648,0.97662,0,0,0,0,29986.08,0:00,7183.02,13792.96,21906.58,29986.08,1795.76,3448.24,5476.65,7496.52
2020.04.24 08:00,0,0,0,0,100.85,0.97662,0.97759,0.97662,0.97728,0,0,0,0,37350.31,1:00,7503.93,15844.19,25508.46,37350.31,1875.98,3961.05,6377.11,9337.58
2020.04.24 09:00,0,0,0,0,100.85,0.97727,0.97924,0.97694,0.97921,0,0,0,0,46980.69,2:00,12166.44,24107.76,33980.44,46980.69,3041.61,6026.94,8495.11,11745.17
2020.04.24 10:00,0,0,0,0,100.85,0.97918,0.98021,0.97813,0.97897,0,0,0,0,45852.78,3:00,13861.19,26594.59,36902.68,45852.78,3465.3,6648.65,9225.67,11463.19
2020.04.24 11:00,8.08,42.91,0,0,49.86,0.97896,0.97963,0.97714,0.9774,-16.49,-492.12,0,0,11677.51,4:00,9208.63,11603.18,11442.72,11168.9,2302.16,2900.8,2860.68,2792.22
2020.04.24 12:00,0,75.8,25.05,0,0,0.97738,0.97788,0.9763,0.9765,0,-16859.4,-3241.77,0,0,5:00,-3357.1,-8827.55,-14463.98,-20101.17,-839.27,-2206.89,-3615.99,-5025.29
2020.04.24 13:00,27.25,72.36,1.25,0,0,0.97651,0.97678,0.97411,0.97531,-4162.28,-15818.63,-62.05,0,0,6:00,-5718.65,-11305.12,-16206.47,-20042.96,-1429.66,-2826.28,-4051.62,-5010.74
2020.04.24 14:00,89.58,11.27,0,0,0,0.9753,0.97624,0.97438,0.97494,-13252.21,-1363.57,0,0,0,7:00,-3307.2,-6726.75,-10729.76,-14615.78,-826.8,-1681.69,-2682.44,-3653.95
2020.04.24 15:00,23.13,32.63,45.1,0,0,0.97494,0.97517,0.97362,0.97454,-2625.92,-4242.44,-6985.04,0,0,8:00,-3313.16,-7280.96,-10618.3,-13853.4,-828.29,-1820.24,-2654.57,-3463.35
2020.04.24 16:00,0,2.44,98.41,0,0,0.97455,0.97566,0.97393,0.97453,0,-49.9,-31804.02,0,0,9:00,-8739.78,-16353.62,-25989.5,-31853.92,-2184.95,-4088.41,-6497.38,-7963.48
2020.04.24 17:00,0,0,100.85,0,0,0.97452,0.97509,0.97268,0.97364,0,0,-43037.84,0,0,10:00,-9086.42,-20978.81,-31561.24,-43037.84,-2271.61,-5244.7,-7890.31,-10759.46
2020.04.24 18:00,0,0,100.85,0,0,0.97365,0.97534,0.97354,0.97509,0,0,-23276.21,0,0,11:00,-8415.52,-13545.57,-18633.65,-23276.21,-2103.88,-3386.39,-4658.41,-5819.05
2020.04.24 19:00,0,3.94,96.91,0,0,0.97508,0.97595,0.9747,0.97588,0,-144.87,-9039.95,0,0,12:00,-3401.51,-5458.02,-7009.7,-9184.83,-850.38,-1364.51,-1752.42,-2296.21
2020.04.24 20:00,0,100.85,0,0,0,0.97587,0.97626,0.97521,0.97524,0,-835.41,0,0,0,13:00,-450.88,-866.17,-970.23,-835.41,-112.72,-216.54,-242.56,-208.85
2020.04.24 21:00,26.47,67.95,0,6.42,0,0.97525,0.97568,0.97476,0.97503,197.95,-1389.37,0,37.64,0,14:00,142.32,84.95,-221.96,-1153.77,35.58,21.24,-55.49,-288.44
2020.04.24 22:00,15.69,18.42,42.58,24.17,0,0.97504,0.9752,0.97401,0.97405,-1912.24,-676.61,-8051.95,-1988.48,0,15:00,-1141.46,-3961.95,-8054.73,-12629.29,-285.37,-990.49,-2013.68,-3157.32
2020.04.24 23:00,6.78,0,87.47,0,0,0.97406,0.97428,0.97236,0.97236,-1530.75,0,-31103.9,0,0,16:00,-7263.56,-15512.53,-23822.07,-32634.65,-1815.89,-3878.13,-5955.52,-8158.66
2020.04.27 00:00,-42.59,0,143.44,0,0,0.9724,0.97274,0.97225,0.97248,-1530.75,0,-78809.35,0,0,17:00,-7263.56,-15512.53,-23822.07,-80340.1,-1815.89,-3878.13,-5955.52,-20085.03
2020.04.27 01:00,0,0,100.85,0,0,0.97277,0.97389,0.97277,0.97375,0,0,-36503.32,0,0,18:00,-10210.09,-19354.61,-27886.2,-36503.32,-2552.52,-4838.65,-6971.55,-9125.83
2020.04.27 02:00,0,0,100.85,0,0,0.97371,0.97379,0.97345,0.97352,0,0,-30677.37,0,0,19:00,-7664.55,-15384.38,-23077.01,-30677.37,-1916.14,-3846.09,-5769.25,-7669.34
2020.04.27 03:00,0,0,100.85,0,0,0.97353,0.97428,0.97351,0.97361,0,0,-21934.82,0,0,20:00,-6043.05,-11423.76,-16270.98,-21934.82,-1510.76,-2855.94,-4067.74,-5483.7
2020.04.27 04:00,85.47,2.17,13.22,0,0,0.97362,0.97378,0.97264,0.97345,-20395.88,-305.12,-2982.79,0,0,21:00,-5494.97,-11787.36,-18004.93,-23683.8,-1373.74,-2946.84,-4501.23,-5920.95
2020.04.27 05:00,6.96,78.13,0,15.77,0,0.97346,0.974,0.97321,0.97378,-1348.31,-12715.49,0,-3000.82,0,22:00,-4790.91,-8984.71,-13031.77,-17064.62,-1197.73,-2246.18,-3257.94,-4266.15
2020.04.27 06:00,21.64,7.36,0,61.03,10.83,0.97379,0.97446,0.97322,0.97326,-3296.53,-1265.54,0,-11872.35,-679.99,23:00,-2789.31,-7328.34,-12205.64,-17114.4,-697.33,-1832.09,-3051.41,-4278.6
2020.04.27 07:00,1.85,0,41.52,57.47,0,0.97325,0.97335,0.97227,0.97264,-379.09,0,-16021.66,-11894.56,0,0:00,-5187.47,-10328.99,-18451.46,-28295.32,-1296.87,-2582.25,-4612.86,-7073.83
2020.04.27 08:00,0,0,100.85,0,0,0.97264,0.97264,0.97179,0.97211,0,0,-58836.87,0,0,1:00,-14094.94,-28804.88,-43544.39,-58836.87,-3523.74,-7201.22,-10886.1,-14709.22
2020.04.27 09:00,2.73,0.84,97.29,0,0,0.97209,0.9732,0.97114,0.97316,-745.74,-30.43,-52722.86,0,0,2:00,-16148.41,-30771.15,-43163.8,-53499.02,-4037.1,-7692.79,-10790.95,-13374.75
2020.04.27 10:00,27.89,70.03,0,2.94,0,0.97314,0.9735,0.97265,0.97295,-1198,-4163.28,0,-78,0,3:00,-1274.85,-2629.34,-4127.42,-5439.27,-318.71,-657.34,-1031.86,-1359.82
2020.04.27 11:00,52.33,0,24.72,23.81,0,0.97296,0.97332,0.97194,0.97202,-3429.57,0,-3023.49,-34.04,0,4:00,-934.45,-2662.5,-5154.58,-6487.11,-233.61,-665.63,-1288.64,-1621.78
2020.04.27 12:00,3.73,31.67,62.9,2.56,0,0.97201,0.97322,0.97183,0.97277,-8.68,-1429.38,-9588.36,20.2,0,5:00,-2506.95,-6841.03,-9916.58,-11006.23,-626.74,-1710.26,-2479.14,-2751.56
2020.04.27 13:00,3.81,78.61,13.14,1.97,3.34,0.97276,0.97316,0.97199,0.97316,58.35,-5302.3,-1995.72,-0.35,110.32,6:00,-2334.02,-4545.23,-6237.25,-7129.69,-583.51,-1136.31,-1559.31,-1782.42
2020.04.27 14:00,14.71,1.85,0,71.62,12.68,0.97315,0.97482,0.9727,0.97274,2433.17,239.34,0,12572.43,2563.7,7:00,4889.34,9249.13,13608.89,17808.64,1222.34,2312.28,3402.22,4452.16
2020.04.27 15:00,55.26,0,0,45.6,0,0.97273,0.97391,0.97237,0.97352,-1240.85,0,0,4201.88,0,8:00,-409.79,-1123.51,497.31,2961.03,-102.45,-280.88,124.33,740.26
2020.04.27 16:00,62.63,4.55,0,13.94,19.74,0.97351,0.97548,0.97324,0.97501,12893.86,279.42,0,2318.57,3765.3,9:00,5123.55,10246.35,14471.6,19257.16,1280.89,2561.59,3617.9,4814.29
2020.04.27 17:00,0,0,0,11.18,89.68,0.97502,0.97663,0.97483,0.97564,0,0,0,630.11,24182.78,10:00,5397.94,11806.34,18972.97,24812.89,1349.48,2951.59,4743.24,6203.22
2020.04.27 18:00,6.29,0,0,0,94.57,0.97564,0.97623,0.97502,0.9756,362.73,0,0,0,24895.1,11:00,5048.75,12330.3,18347.49,25257.83,1262.19,3082.57,4586.87,6314.46
2020.04.27 19:00,0,0,0,0,100.85,0.97558,0.97655,0.97557,0.97633,0,0,0,0,36067.53,12:00,7572.53,16532.57,26321.88,36067.53,1893.13,4133.14,6580.47,9016.88
2020.04.27 20:00,0,0,0,0,100.85,0.97632,0.9764,0.97529,0.97564,0,0,0,0,37251.48,13:00,10829.57,21052.1,28565.65,37251.48,2707.39,5263.02,7141.41,9312.87
2020.04.27 21:00,0,0,0,0,100.85,0.97563,0.97575,0.97527,0.97544,0,0,0,0,27823.78,14:00,7577.83,14897.59,21906.29,27823.78,1894.46,3724.4,5476.57,6955.94
2020.04.27 22:00,0,0,0,24.43,76.43,0.97543,0.97574,0.97506,0.9756,0,0,0,2102.32,10018.2,15:00,3499.38,6798.71,9299.32,12120.52,874.85,1699.68,2324.83,3030.13
2020.04.27 23:00,0,0,0,0,100.85,0.97559,0.97581,0.97521,0.9754,0,0,0,0,18479.04,16:00,4754.36,9519.52,14392.87,18479.04,1188.59,2379.88,3598.22,4619.76
2020.04.28 00:00,99.97,0.89,0,0,0,0.97509,0.97509,0.97419,0.97437,2877.89,9.69,0,0,0,17:00,691.99,1385.55,2109.84,2887.58,173,346.39,527.46,721.89
2020.04.28 01:00,0,99.65,0,1.2,0,0.97442,0.97559,0.97442,0.97549,0,-415.24,0,2.61,0,18:00,-23.97,-83.04,-388.29,-412.64,-5.99,-20.76,-97.07,-103.16
2020.04.28 02:00,74.79,26.07,0,0,0,0.97553,0.97593,0.97523,0.9758,4664.23,237.92,0,0,0,19:00,323.78,1354.55,3410.62,4902.15,80.95,338.64,852.65,1225.54
2020.04.28 03:00,35.88,58.35,0,0,6.63,0.97581,0.97605,0.97482,0.97506,2762,2175.15,0,0,1121.76,20:00,3400.22,4293.52,5165.8,6058.91,850.05,1073.38,1291.45,1514.73
2020.04.28 04:00,43.77,57.08,0,0,0,0.97506,0.97604,0.97499,0.97572,2852.92,1996.67,0,0,0,21:00,634,1210.84,2476.38,4849.59,158.5,302.71,619.1,1212.4
2020.04.28 05:00,0,100.85,0,0,0,0.97571,0.97587,0.97547,0.9757,0,6601.54,0,0,0,22:00,1345.19,3216.95,4932.5,6601.54,336.3,804.24,1233.13,1650.39
2020.04.28 06:00,0,100.85,0,0,0,0.97569,0.97602,0.97551,0.97578,0,10514.74,0,0,0,23:00,2907.53,5658.52,7980.2,10514.74,726.88,1414.63,1995.05,2628.68
2020.04.28 07:00,10.25,9.53,0,0,81.06,0.97578,0.97634,0.97573,0.97591,1433.68,858.95,0,0,13198.72,0:00,4752.05,8959.57,11864.74,15491.35,1188.01,2239.89,2966.18,3872.84
2020.04.28 08:00,31.1,2.79,0,66.24,0.74,0.97591,0.97618,0.97548,0.97568,5670.49,335.32,0,7994.06,8.19,1:00,4563.92,8394.59,11369.63,14008.06,1140.98,2098.65,2842.41,3502.01
2020.04.28 09:00,10.45,8.95,0,5.51,75.95,0.97567,0.9798,0.97558,0.97976,1086.14,1195.44,0,411.92,38296.54,2:00,4352.41,15076.18,27447.22,40990.03,1088.1,3769.05,6861.81,10247.51
2020.04.28 10:00,0,0,0,0,100.85,0.97975,0.97991,0.97755,0.97808,0,0,0,0,31690.21,3:00,10791.42,19465.45,25524.27,31690.21,2697.86,4866.36,6381.07,7922.55
2020.04.28 11:00,5.21,64.99,9.21,0,21.46,0.97808,0.97872,0.97498,0.97645,-17.48,-2736.91,-142.6,0,3048.7,4:00,3054.35,2277.85,815.08,151.72,763.59,569.46,203.77,37.93
2020.04.28 12:00,0,33.05,67.8,0,0,0.97646,0.97714,0.97263,0.97353,0,-1673.71,-16211.03,0,0,5:00,-1055.51,-3914.06,-10155.31,-17884.74,-263.88,-978.51,-2538.83,-4471.19
2020.04.28 13:00,0,0,100.85,0,0,0.97351,0.97393,0.97262,0.97271,0,0,-31878.93,0,0,6:00,-7190.23,-14942.1,-23455.62,-31878.93,-1797.56,-3735.53,-5863.9,-7969.73
2020.04.28 14:00,0,0,100.85,0,0,0.97271,0.97381,0.97247,0.97274,0,0,-45059.6,0,0,7:00,-9730.62,-21354.03,-33388.62,-45059.6,-2432.66,-5338.51,-8347.16,-11264.9
2020.04.28 15:00,0,0,100.85,0,0,0.97272,0.97335,0.97212,0.97299,0,0,-44270.8,0,0,8:00,-11218.04,-22257.65,-33468.53,-44270.8,-2804.51,-5564.41,-8367.13,-11067.7
2020.04.28 16:00,0,0,100.85,0,0,0.973,0.97456,0.97198,0.97402,0,0,-46873.25,0,0,9:00,-13004.86,-27119.59,-39206.31,-46873.25,-3251.22,-6779.9,-9801.58,-11718.31
2020.04.28 17:00,0,11.07,89.79,0,0,0.974,0.97515,0.97299,0.97487,0,-136.92,-24659.83,0,0,10:00,-6261.6,-12647.44,-19637.89,-24796.75,-1565.4,-3161.86,-4909.47,-6199.19
2020.04.28 18:00,20.14,33.59,41.7,5.42,0,0.97486,0.97548,0.97353,0.97425,-1199.21,-2324.96,-4999.18,-87.43,0,11:00,-1466.99,-3304.67,-5359.89,-8610.78,-366.75,-826.17,-1339.97,-2152.7
2020.04.28 19:00,44.64,46.16,0,10.05,0,0.97426,0.97494,0.97414,0.97472,-2581.36,-3680.59,0,-363.71,0,12:00,-2053.3,-3418.15,-4897.28,-6625.66,-513.33,-854.54,-1224.32,-1656.41
2020.04.28 20:00,22.05,0,0,14.33,64.47,0.97471,0.97488,0.97374,0.97374,-1155.38,0,0,284.97,-911.28,13:00,444,-268.59,-813.22,-1781.69,111,-67.15,-203.31,-445.42
2020.04.28 21:00,7.88,0,0,0,92.97,0.97373,0.97413,0.97332,0.97408,-1017.15,0,0,0,-12693.49,14:00,-3994.79,-7067.47,-10489.01,-13710.65,-998.7,-1766.87,-2622.25,-3427.66
2020.04.28 22:00,0,0,0,0,100.85,0.97407,0.97456,0.97365,0.97438,0,0,0,0,-8676.46,15:00,-3012.21,-5108.87,-7799.38,-8676.46,-753.05,-1277.22,-1949.85,-2169.11
2020.04.28 23:00,9.05,0,0,79.05,12.74,0.97437,0.97501,0.97424,0.975,-186.56,0,0,97.81,73.17,16:00,-336.05,-259.08,-230.95,-15.58,-84.01,-64.77,-57.74,-3.9
2020.04.29 00:00,11.35,1.18,0,84.6,3.71,0.97499,0.97502,0.97412,0.9744,-52.52,0.8,0,-125.02,38.72,17:00,23.93,-293.9,-305.42,-138.02,5.98,-73.48,-76.36,-34.51
2020.04.29 01:00,4.43,0,0,74.68,21.74,0.9744,0.97487,0.9743,0.97441,-20.1,0,0,85.91,406.92,18:00,306.03,561.18,605.81,472.74,76.51,140.29,151.45,118.19
2020.04.29 02:00,0,0,0,33.19,67.66,0.97446,0.97452,0.97365,0.9737,0,0,0,-1119.39,3001.39,19:00,1821.43,2955.94,2809.47,1882.01,455.36,738.99,702.37,470.5
2020.04.29 03:00,35.12,0,0,52.6,13.12,0.9737,0.97388,0.97297,0.97299,-4454.87,0,0,-4080.03,-656.77,20:00,-1613.93,-3472.78,-5894.09,-9191.67,-403.48,-868.2,-1473.52,-2297.92
2020.04.29 04:00,20.88,3.46,76.51,0,0,0.973,0.97318,0.9722,0.97273,-8138.54,-638.55,-30833.19,0,0,21:00,-7908.13,-16213.93,-28224.72,-39610.27,-1977.03,-4053.48,-7056.18,-9902.57
2020.04.29 05:00,12.24,0,88.62,0,0,0.97272,0.97284,0.97228,0.97264,-5003.22,0,-47530.25,0,0,22:00,-12853.01,-26396.83,-40238.72,-52533.47,-3213.25,-6599.21,-10059.68,-13133.37
2020.04.29 06:00,0,0,100.85,0,0,0.97263,0.97315,0.97261,0.97274,0,0,-40470.17,0,0,23:00,-11290.04,-21659.6,-31274.16,-40470.17,-2822.51,-5414.9,-7818.54,-10117.54
2020.04.29 07:00,0,0,100.85,0,0,0.97273,0.9731,0.97261,0.97269,0,0,-41561.93,0,0,0:00,-11425.66,-22143.8,-31217.95,-41561.93,-2856.41,-5535.95,-7804.49,-10390.48
2020.04.29 08:00,0,0,100.85,0,0,0.9727,0.97278,0.97223,0.97223,0,0,-53236.2,0,0,1:00,-12393.81,-25572.48,-39128.96,-53236.2,-3098.45,-6393.12,-9782.24,-13309.05
2020.04.29 09:00,0,13.33,87.52,0,0,0.97224,0.97363,0.97223,0.9731,0,-1447.95,-22280.12,0,0,2:00,-8884.59,-12919.71,-18495.23,-23728.07,-2221.15,-3229.93,-4623.81,-5932.02
2020.04.29 10:00,14.39,6.47,80,0,0,0.97308,0.97358,0.97161,0.97183,-1952.88,-200.05,-32058.62,0,0,3:00,-5504.85,-13236.13,-23837.84,-34211.55,-1376.21,-3309.03,-5959.46,-8552.89
2020.04.29 11:00,0,0,100.85,0,0,0.97182,0.97207,0.97118,0.97191,0,0,-50975.6,0,0,4:00,-12907.17,-25689.92,-39860.87,-50975.6,-3226.79,-6422.48,-9965.22,-12743.9
2020.04.29 12:00,16.85,2.94,81.05,0,0,0.97192,0.97351,0.97148,0.9735,-730.94,-10.1,-29736.58,0,0,5:00,-9573.63,-20773.4,-28737.5,-30477.62,-2393.41,-5193.35,-7184.38,-7619.4
2020.04.29 13:00,44.52,2.07,0,44.94,9.32,0.97348,0.97463,0.97287,0.97444,6126.34,29.27,0,4539.19,1148.26,6:00,2869.98,5356.97,8477.94,11843.06,717.5,1339.24,2119.49,2960.76
2020.04.29 14:00,52.82,0,0,10.41,37.63,0.97443,0.97509,0.97376,0.97469,6423.88,0,0,993.14,6785.86,7:00,3953.62,6821.08,9963.32,14202.88,988.4,1705.27,2490.83,3550.72
2020.04.29 15:00,0,0,0,18,82.85,0.97467,0.97503,0.97345,0.97349,0,0,0,437.03,15434.91,8:00,6326.13,11757.82,14541.61,15871.94,1581.53,2939.45,3635.4,3967.99
2020.04.29 16:00,5.39,4.67,0,86.11,4.69,0.97349,0.97379,0.97129,0.97216,6.23,0.31,0,-3296.01,0.21,9:00,567.97,789.73,-1554.16,-3289.27,141.99,197.43,-388.54,-822.32
2020.04.29 17:00,0,0,0,31.76,69.09,0.97216,0.974,0.972,0.97356,0,0,0,1241.03,3701.78,10:00,1477.15,2905.02,4008.39,4942.8,369.29,726.26,1002.1,1235.7
2020.04.29 18:00,0,0,0,43.3,57.55,0.97356,0.97479,0.97331,0.97478,0,0,0,2456.28,7240.13,11:00,889.89,2552.35,6116.23,9696.41,222.47,638.09,1529.06,2424.1
2020.04.29 19:00,0,0,0,0,100.85,0.97477,0.97628,0.97461,0.97627,0,0,0,0,36956.87,12:00,10392.32,19421.41,27637.17,36956.87,2598.08,4855.35,6909.29,9239.22
2020.04.29 20:00,0,0,0,0,100.85,0.97626,0.9767,0.97518,0.9753,0,0,0,0,47354.57,13:00,13198.49,23667.15,34741.37,47354.57,3299.62,5916.79,8685.34,11838.64
2020.04.29 21:00,0,0,0,65.28,35.58,0.97531,0.97561,0.97415,0.97544,0,0,0,8773.93,6128.24,14:00,3895.6,7027.34,10887.41,14902.17,973.9,1756.84,2721.85,3725.54
2020.04.29 22:00,0,0,0,20.37,80.48,0.97545,0.9757,0.97419,0.97458,0,0,0,1536.66,12232.75,15:00,3639.31,7775.39,11194.59,13769.41,909.83,1943.85,2798.65,3442.35
2020.04.29 23:00,28.73,0,0,72.12,0,0.97457,0.97511,0.97334,0.97341,2483.66,0,0,8567.27,0,16:00,2941.09,6421.73,8832.07,11050.93,735.27,1605.43,2208.02,2762.73
2020.04.30 00:00,61.94,0,0,38.91,0,0.97348,0.9739,0.97298,0.97366,632.69,0,0,591.5,0,17:00,434.13,773.85,998.61,1224.19,108.53,193.46,249.65,306.05
2020.04.30 01:00,0,100.85,0,0,0,0.97367,0.97448,0.97367,0.9741,0,-3104.73,0,0,0,18:00,-691.86,-1689.09,-2418.43,-3104.73,-172.97,-422.27,-604.61,-776.18
2020.04.30 02:00,0,41.69,59.16,0,0,0.9741,0.97417,0.97371,0.97385,0,-1040.62,-1813,0,0,19:00,-778.58,-1549.69,-2243.6,-2853.62,-194.65,-387.42,-560.9,-713.4
2020.04.30 03:00,18.99,78.16,0,0,3.71,0.97385,0.97584,0.97382,0.97513,79.41,-3645.32,0,0,94.52,20:00,-735.36,-1990.44,-3206.1,-3471.39,-183.84,-497.61,-801.52,-867.85
2020.04.30 04:00,3.32,94.38,3.15,0,0,0.97514,0.97535,0.97431,0.97432,17.9,-456.17,60.55,0,0,21:00,482.96,336.91,-60.21,-377.73,120.74,84.23,-15.05,-94.43
2020.04.30 05:00,0,100.85,0,0,0,0.97432,0.975,0.97413,0.97497,0,939.75,0,0,0,22:00,326.63,718.5,893.07,939.75,81.66,179.63,223.27,234.94
2020.04.30 06:00,25.78,36.25,0,38.81,0,0.97496,0.97526,0.97458,0.97469,225.88,920.41,0,495.49,0,23:00,243.36,867.18,1470.03,1641.78,60.84,216.79,367.51,410.45
2020.04.30 07:00,0,100.85,0,0,0,0.97468,0.9753,0.97446,0.9745,0,-1132.35,0,0,0,0:00,-187.66,-713.4,-1071.05,-1132.35,-46.92,-178.35,-267.76,-283.09
2020.04.30 08:00,0,34.82,66.04,0,0,0.9745,0.97472,0.97392,0.97466,0,-562.59,-2069.51,0,0,1:00,-465.06,-992.71,-1562.1,-2632.1,-116.27,-248.18,-390.52,-658.02
2020.04.30 09:00,4.86,80.3,15.69,0,0,0.97465,0.97508,0.97307,0.97337,-9.09,-1795.61,-1381.06,0,0,2:00,-465.76,-660.71,-1076.97,-3185.77,-116.44,-165.18,-269.24,-796.44
2020.04.30 10:00,12.53,42.08,46.25,0,0,0.97338,0.97464,0.97165,0.97168,-1073.92,-7207.39,-13812.86,0,0,3:00,-4213.74,-8002.2,-13778.51,-22094.16,-1053.43,-2000.55,-3444.63,-5523.54
2020.04.30 11:00,0,0,100.85,0,0,0.97167,0.97245,0.9705,0.9705,0,0,-45297.25,0,0,4:00,-10856.39,-21329.33,-33127.41,-45297.25,-2714.1,-5332.33,-8281.85,-11324.31
2020.04.30 12:00,0,0,100.85,0,0,0.97051,0.97263,0.97042,0.97205,0,0,-61522.07,0,0,5:00,-16160.16,-31350.48,-48475.85,-61522.07,-4040.04,-7837.62,-12118.96,-15380.52
2020.04.30 13:00,0,0,100.85,0,0,0.97204,0.97215,0.96999,0.97045,0,0,-55506.41,0,0,6:00,-9930.63,-24180.02,-39427.5,-55506.41,-2482.66,-6045.01,-9856.88,-13876.6
2020.04.30 14:00,0,0,100.85,0,0,0.97044,0.97155,0.96992,0.97119,0,0,-55191.99,0,0,7:00,-13780.84,-28804.67,-42794.83,-55191.99,-3445.21,-7201.17,-10698.71,-13798
2020.04.30 15:00,0,0,100.85,0,0,0.9712,0.97198,0.97068,0.97129,0,0,-36370.53,0,0,8:00,-11139.34,-22554.02,-29130.73,-36370.53,-2784.84,-5638.51,-7282.68,-9092.63
2020.04.30 16:00,4.4,19.1,55.87,21.48,0,0.9713,0.97476,0.97101,0.97147,-24.85,-904.77,-6745.05,-472.56,0,9:00,-1784.9,-2578.79,-4319.38,-8147.23,-446.23,-644.7,-1079.85,-2036.81
2020.04.30 17:00,13.11,5.83,81.92,0,0,0.97149,0.97225,0.96422,0.9645,-1703.67,-89.54,-31044.16,0,0,10:00,-4464.62,-13316.95,-23281.19,-32837.37,-1116.15,-3329.24,-5820.3,-8209.34
2020.04.30 18:00,0,0,100.85,0,0,0.96454,0.96755,0.96374,0.96698,0,0,-26009.73,0,0,11:00,-7533.63,-14242.09,-21512.68,-26009.73,-1883.41,-3560.52,-5378.17,-6502.43
2020.04.30 19:00,0,0,100.85,0,0,0.96697,0.96783,0.96625,0.96629,0,0,-7324.9,0,0,12:00,-1651.99,-2876.81,-4260.65,-7324.9,-413,-719.2,-1065.16,-1831.22
2020.04.30 20:00,0,0,100.85,0,0,0.96631,0.96638,0.9651,0.96558,0,0,-38884.59,0,0,13:00,-9003.76,-18566.8,-28943.98,-38884.59,-2250.94,-4641.7,-7235.99,-9721.15
2020.04.30 21:00,0,0,100.85,0,0,0.96557,0.96589,0.96504,0.96575,0,0,-45107.25,0,0,14:00,-11137.62,-22681.85,-33983.9,-45107.25,-2784.41,-5670.46,-8495.98,-11276.81
2020.04.30 22:00,0,0,100.85,0,0,0.96573,0.96576,0.96482,0.9654,0,0,-47202.09,0,0,15:00,-12281.75,-24383.14,-35859.46,-47202.09,-3070.44,-6095.78,-8964.86,-11800.52
2020.04.30 23:00,0,0,100.85,0,0,0.9654,0.9656,0.96503,0.96538,0,0,-46633.03,0,0,16:00,-11666.59,-23271.17,-34200.79,-46633.03,-2916.65,-5817.79,-8550.2,-11658.26
2020.05.01 00:00,0,0,100.85,0,0,0.96471,0.96595,0.96462,0.96554,0,0,-41868.8,0,0,17:00,-10738.32,-21888.22,-32138.2,-41868.8,-2684.58,-5472.06,-8034.55,-10467.2
2020.05.01 01:00,0,0,100.85,0,0,0.96555,0.96627,0.96534,0.96626,0,0,-22187.66,0,0,18:00,-6910.75,-11900.51,-17117.09,-22187.66,-1727.69,-2975.13,-4279.27,-5546.91
2020.05.01 02:00,0,0,100.85,0,0,0.96627,0.9666,0.96597,0.96639,0,0,-11918,0,0,19:00,-3501.04,-6416.81,-9096.75,-11918,-875.26,-1604.2,-2274.19,-2979.5
2020.05.01 03:00,12.61,0,88.25,0,0,0.96639,0.96686,0.96478,0.96552,-464.57,0,-8421.58,0,0,20:00,-1705.6,-3593.95,-5910.89,-8886.15,-426.4,-898.49,-1477.72,-2221.54
2020.05.01 04:00,0,0,100.85,0,0,0.96551,0.96624,0.96545,0.96589,0,0,-12408.46,0,0,21:00,-3607.37,-6842.99,-9756.52,-12408.46,-901.84,-1710.75,-2439.13,-3102.11
2020.05.01 05:00,3.27,3.47,94.1,0,0,0.96589,0.9659,0.96495,0.96506,-345.93,-375.53,-16118.36,0,0,22:00,-3648.63,-7388.43,-11480.19,-16839.82,-912.16,-1847.11,-2870.05,-4209.95
2020.05.01 06:00,0,0,100.85,0,0,0.96507,0.96542,0.96495,0.96508,0,0,-24763.56,0,0,23:00,-5830.19,-12133.75,-18356.58,-24763.56,-1457.55,-3033.44,-4589.15,-6190.89
2020.05.01 07:00,98.79,0,2.07,0,0,0.96508,0.96514,0.96447,0.96454,-22167.1,0,-235.14,0,0,0:00,-5457.29,-10876.98,-16650.97,-22402.24,-1364.32,-2719.24,-4162.74,-5600.56
2020.05.01 08:00,0,0,100.85,0,0,0.96454,0.96484,0.964,0.96426,0,0,-37587.52,0,0,1:00,-7942.13,-17508.4,-27978.01,-37587.52,-1985.53,-4377.1,-6994.5,-9396.88
2020.05.01 09:00,0,0,100.85,0,0,0.96426,0.96426,0.96345,0.96362,0,0,-62035.26,0,0,2:00,-16399.39,-32432.68,-47796.99,-62035.26,-4099.85,-8108.17,-11949.25,-15508.82
2020.05.01 10:00,0,0,100.85,0,0,0.96361,0.96451,0.9629,0.96308,0,0,-56260.76,0,0,3:00,-16322.3,-29935.77,-41266.29,-56260.76,-4080.57,-7483.94,-10316.57,-14065.19
2020.05.01 11:00,0,0,100.85,0,0,0.96312,0.96359,0.96238,0.96271,0,0,-68225.66,0,0,4:00,-17241.12,-35129.56,-51104.62,-68225.66,-4310.28,-8782.39,-12776.16,-17056.42
2020.05.01 12:00,0,0,100.85,0,0,0.96271,0.9629,0.96132,0.96204,0,0,-74602.07,0,0,5:00,-19715.11,-39753.06,-57298.02,-74602.07,-4928.78,-9938.26,-14324.5,-18650.52
2020.05.01 13:00,0,0,100.85,0,0,0.96203,0.9628,0.96159,0.96241,0,0,-68627.49,0,0,6:00,-18531.83,-36912.13,-54738.68,-68627.49,-4632.96,-9228.03,-13684.67,-17156.87
2020.05.01 14:00,0,0,100.85,0,0,0.9624,0.963,0.96232,0.96289,0,0,-37310.79,0,0,7:00,-9806.35,-19506.6,-28678.1,-37310.79,-2451.59,-4876.65,-7169.52,-9327.7
2020.05.01 15:00,0,0,100.85,0,0,0.96287,0.96306,0.96205,0.96207,0,0,-29800.39,0,0,8:00,-6515.93,-13116.32,-21624.49,-29800.39,-1628.98,-3279.08,-5406.12,-7450.1
2020.05.01 16:00,0,0,100.85,0,0,0.96206,0.96226,0.96109,0.96137,0,0,-45238.01,0,0,9:00,-9559.42,-21894.24,-32653.88,-45238.01,-2389.86,-5473.56,-8163.47,-11309.5
2020.05.01 17:00,0,0,100.85,0,0,0.96133,0.96194,0.959,0.95954,0,0,-53892.31,0,0,10:00,-10200.99,-24560.26,-39436.07,-53892.31,-2550.25,-6140.06,-9859.02,-13473.08
2020.05.01 18:00,0,0,100.85,0,0,0.95954,0.9603,0.9588,0.95996,0,0,-55729.05,0,0,11:00,-13426.03,-27726.13,-43073.2,-55729.05,-3356.51,-6931.53,-10768.3,-13932.26
2020.05.01 19:00,0,0,100.85,0,0,0.95995,0.96063,0.95983,0.96043,0,0,-25459.27,0,0,12:00,-7094.28,-13877.07,-19843.07,-25459.27,-1773.57,-3469.27,-4960.77,-6364.82
2020.05.01 20:00,0,0,100.85,0,0,0.96042,0.96153,0.96033,0.9612,0,0,-801.57,0,0,13:00,-4678.93,-4598.56,-2918.3,-801.57,-1169.73,-1149.64,-729.58,-200.39
2020.05.01 21:00,0,0,100.85,0,0,0.9612,0.96168,0.96109,0.96168,0,0,15104.34,0,0,14:00,3426.43,7060.03,10875.94,15104.34,856.61,1765.01,2718.99,3776.09
2020.05.01 22:00,63.02,0,36.13,1.69,0,0.96167,0.96169,0.961,0.96111,10913.64,0,5222.45,117.93,0,15:00,4660.08,8986.57,12518.43,16254.02,1165.02,2246.64,3129.61,4063.51
2020.05.01 23:00,78.28,0,0.36,7.42,0,0.96111,0.96166,0.96102,0.9611,14016.44,0,42.56,1675.75,0,16:00,3541.69,8960.13,13899.19,15734.75,885.42,2240.03,3474.8,3933.69
2020.05.04 00:00,151.04,0,-24.74,-25.46,0,0.96192,0.96208,0.96155,0.96196,24314.66,0,756.05,1675.75,0,17:00,3541.69,8960.13,13899.19,26746.45,885.42,2240.03,3474.8,6686.61
2020.05.04 01:00,0,0,0,0,100.85,0.96194,0.9633,0.96162,0.96311,0,0,0,0,28327.09,18:00,7257.22,14386.94,21377.87,28327.09,1814.31,3596.74,5344.47,7081.77
2020.05.04 02:00,0,0,0,75.19,25.67,0.96315,0.96315,0.96224,0.96243,0,0,0,18852.01,6090,19:00,6234.14,12579.21,18865.64,24942.01,1558.54,3144.8,4716.41,6235.5
2020.05.04 03:00,4.6,0,0,84.01,12.24,0.96244,0.96353,0.96243,0.96348,723.98,0,0,18702.71,2577.97,20:00,5515.69,11005.88,16411.68,22004.66,1378.92,2751.47,4102.92,5501.16
2020.05.04 04:00,0,0,0,25.79,75.07,0.96349,0.96361,0.96286,0.9634,0,0,0,6380.1,19386.54,21:00,6473.62,12918.92,19291.55,25766.64,1618.4,3229.73,4822.89,6441.66
2020.05.04 05:00,0,0,0,0,100.85,0.96338,0.96363,0.96298,0.96354,0,0,0,0,29958.57,22:00,7441.96,14462.94,22264.71,29958.57,1860.49,3615.74,5566.18,7489.64
2020.05.04 06:00,0,0,0,0,100.85,0.96353,0.96371,0.96334,0.96341,0,0,0,0,41024.57,23:00,10403.1,20564.39,31237.18,41024.57,2600.78,5141.1,7809.3,10256.14
2020.05.04 07:00,0,0,0,0,100.85,0.96342,0.96438,0.96332,0.96419,0,0,0,0,50906.64,0:00,10710.7,22886.82,36935.31,50906.64,2677.68,5721.7,9233.83,12726.66
2020.05.04 08:00,0,0,0,0,100.85,0.9642,0.9649,0.96402,0.96484,0,0,0,0,59847.54,1:00,14335.57,29162.43,44316,59847.54,3583.89,7290.61,11079,14961.89
2020.05.04 09:00,0,0,0,0,100.85,0.96482,0.96483,0.96287,0.96324,0,0,0,0,36330.68,2:00,14192.49,24550.59,30886.03,36330.68,3548.12,6137.65,7721.51,9082.67
2020.05.04 10:00,0,0,0,28.18,72.68,0.96325,0.96474,0.96267,0.96391,0,0,0,1415.39,12202.08,3:00,2794.14,5537.48,8604.19,13617.47,698.53,1384.37,2151.05,3404.37
2020.05.04 11:00,0,0,0,0,100.85,0.96401,0.96482,0.96328,0.96357,0,0,0,0,19777,4:00,4953.81,11548.68,16410.67,19777,1238.45,2887.17,4102.67,4944.25
2020.05.04 12:00,0,0,0,19.09,81.76,0.96358,0.96524,0.96357,0.96408,0,0,0,71.25,18044.42,5:00,2851.3,8184.68,14291.52,18115.67,712.83,2046.17,3572.88,4528.92
2020.05.04 13:00,67.2,0,0,9.64,24,0.96409,0.96479,0.96348,0.96462,12905.11,0,0,27.2,2763.52,6:00,2964.18,6494.79,10760.95,15695.83,741.04,1623.7,2690.24,3923.96
2020.05.04 14:00,70.72,0,0,0,30.14,0.96464,0.96509,0.96407,0.96426,19273.99,0,0,0,8223.67,7:00,5952.94,14065.19,21842.36,27497.66,1488.23,3516.3,5460.59,6874.41
2020.05.04 15:00,27.59,14.06,30.09,0,29.11,0.96425,0.96515,0.96372,0.96481,4940.53,976.95,2584.88,0,9246.83,8:00,2168.1,4776.85,10352.17,17749.18,542.02,1194.21,2588.04,4437.3
2020.05.04 16:00,0,0,0,19.9,80.95,0.9648,0.96554,0.96387,0.96484,0,0,0,716,25016.01,9:00,6587.05,14358.87,20727.62,25732.02,1646.76,3589.72,5181.9,6433.01
2020.05.04 17:00,15.73,0,0,13.68,71.43,0.96484,0.96622,0.9643,0.9644,1061.28,0,0,308.25,27300.57,10:00,5596.57,13275.88,21095.38,28670.1,1399.14,3318.97,5273.85,7167.52
2020.05.04 18:00,53.41,6.91,8.16,0,32.38,0.96443,0.96583,0.96429,0.96468,6132.82,76.3,458.49,0,8880.51,11:00,2315.28,8882.59,11451.15,15548.12,578.82,2220.65,2862.79,3887.03
2020.05.04 19:00,5.82,7.05,0,4.91,83.07,0.96467,0.96592,0.96461,0.96561,50.16,-1.96,0,-0.79,25776.96,12:00,4843.38,11600.47,19195.09,25824.38,1210.85,2900.12,4798.77,6456.1
2020.05.04 20:00,42.73,0,0,0,58.12,0.9656,0.96602,0.96539,0.96588,15182.41,0,0,0,22833.71,13:00,8970.77,18670.79,28528.21,38016.12,2242.69,4667.7,7132.05,9504.03
2020.05.04 21:00,0,0,0,0,100.85,0.96587,0.96608,0.96533,0.96535,0,0,0,0,40489.84,14:00,9698.89,20712.81,31342.38,40489.84,2424.72,5178.2,7835.6,10122.46
2020.05.04 22:00,65.09,0,0,0,35.76,0.96534,0.966,0.96512,0.96588,7880.44,0,0,0,5932.14,15:00,2919.6,5090.88,7006.99,13812.58,729.9,1272.72,1751.75,3453.14
2020.05.04 23:00,48.57,1.93,0,0,50.34,0.96587,0.96598,0.96484,0.96484,17376.76,9.27,0,0,10023.03,16:00,9611.46,15647.17,23017.88,27409.05,2402.86,3911.79,5754.47,6852.26
2020.05.05 00:00,0,9.67,91.19,0,0,0.96482,0.96541,0.96445,0.96516,0,-452.83,-11457.62,0,0,17:00,-5597.89,-10695.88,-12008.08,-11910.46,-1399.47,-2673.97,-3002.02,-2977.61
2020.05.05 01:00,0,100.85,0,0,0,0.96523,0.96555,0.96517,0.96531,0,-2634.37,0,0,0,18:00,-512.22,-1184.94,-1762.27,-2634.37,-128.06,-296.24,-440.57,-658.59
2020.05.05 02:00,0,80.59,20.26,0,0,0.96532,0.96558,0.96524,0.96558,0,36.96,-577.7,0,0,19:00,-418.2,-914.43,-952.39,-540.74,-104.55,-228.61,-238.1,-135.19
2020.05.05 03:00,0,10.84,90.01,0,0,0.9656,0.9656,0.96479,0.96506,0,139.57,-10712.66,0,0,20:00,178.33,-861.31,-5169.91,-10573.1,44.58,-215.33,-1292.48,-2643.28
2020.05.05 04:00,0,95.47,5.39,0,0,0.96508,0.96508,0.96451,0.96496,0,-19840.01,-87.88,0,0,21:00,-5050.68,-10022.27,-14809.96,-19927.88,-1262.67,-2505.57,-3702.49,-4981.97
2020.05.05 05:00,0,37.58,63.28,0,0,0.96495,0.96536,0.96465,0.96536,0,-6075.16,-12733.51,0,0,22:00,-3713.29,-9045.59,-14229.09,-18808.67,-928.32,-2261.4,-3557.27,-4702.17
2020.05.05 06:00,72.41,28.44,0,0,0,0.96535,0.96571,0.96523,0.96561,2911.41,212.19,0,0,0,23:00,295.82,1217.99,1523.99,3123.61,73.96,304.5,381,780.9
2020.05.05 07:00,78.22,5.72,0,0,16.92,0.96558,0.96588,0.96514,0.96522,9785.06,67.42,0,0,3336.56,0:00,3099.58,7318.2,11172.96,13189.04,774.89,1829.55,2793.24,3297.26
2020.05.05 08:00,52.68,10.71,37.46,0,0,0.96522,0.96571,0.965,0.96555,-1366.75,-460.15,-1456.66,0,0,1:00,-2217.76,-3935.61,-5070.09,-3283.56,-554.44,-983.9,-1267.52,-820.89
2020.05.05 09:00,40.77,32.91,10.41,0,16.77,0.96555,0.96619,0.96481,0.96596,1628.72,-903.99,-77.05,0,2530.13,2:00,569.03,-390.56,373.54,3177.82,142.26,-97.64,93.39,794.46
2020.05.05 10:00,19.93,0,0,0,80.93,0.96596,0.96742,0.96587,0.96621,46.46,0,0,0,30313.89,3:00,8284.43,16317.92,24654.31,30360.35,2071.11,4079.48,6163.58,7590.09
2020.05.05 11:00,15.16,19.08,26.47,0,40.13,0.9662,0.97066,0.96456,0.97033,252.01,-618.89,-1523.6,0,13946.28,4:00,960,-510.61,4409.01,12055.8,240,-127.65,1102.25,3013.95
2020.05.05 12:00,0,0,0,0,100.85,0.97033,0.97209,0.96975,0.96985,0,0,0,0,33750.97,5:00,8663.88,17117.07,26510.59,33750.97,2165.97,4279.27,6627.65,8437.74
2020.05.05 13:00,0,0,0,0,100.85,0.96987,0.97123,0.96903,0.97074,0,0,0,0,13721.97,6:00,3303.74,5879.37,8092.57,13721.97,825.93,1469.84,2023.14,3430.49
2020.05.05 14:00,0,0,0,0,100.85,0.97073,0.97168,0.97016,0.9712,0,0,0,0,26962.66,7:00,6024.89,12002.75,19111.56,26962.66,1506.22,3000.69,4777.89,6740.66
2020.05.05 15:00,0,0,0,0,100.85,0.97119,0.97133,0.97006,0.97115,0,0,0,0,22783.99,8:00,7017.49,12034.78,17081.74,22783.99,1754.37,3008.7,4270.44,5696
2020.05.05 16:00,0,0,0,43.93,56.93,0.97113,0.97124,0.96806,0.9685,0,0,0,1275.05,6144.14,9:00,3534.06,5577.46,6545.9,7419.19,883.51,1394.37,1636.47,1854.8
2020.05.05 17:00,20.57,17.4,0,13.51,49.37,0.96851,0.97249,0.96819,0.97212,342.15,172.65,0,61.23,7493.74,10:00,452.26,1661.22,4645.96,8069.77,113.07,415.31,1161.49,2017.44
2020.05.05 18:00,0,0,0,0,100.85,0.97213,0.97336,0.97138,0.97218,0,0,0,0,11118.49,11:00,2701.7,6278.67,9023.33,11118.49,675.42,1569.67,2255.83,2779.62
2020.05.05 19:00,0,0,0,0,100.85,0.97218,0.97341,0.97199,0.97303,0,0,0,0,23409.74,12:00,4507.86,10392.39,17630.65,23409.74,1126.96,2598.1,4407.66,5852.44
2020.05.05 20:00,0,0,0,0,100.85,0.97302,0.97306,0.97235,0.97242,0,0,0,0,26602.64,13:00,6571.58,13542.67,20777.58,26602.64,1642.89,3385.67,5194.4,6650.66
2020.05.05 21:00,0,0,0,0,100.85,0.97243,0.97264,0.9714,0.97179,0,0,0,0,13206.12,14:00,4203.1,6852.39,9680.66,13206.12,1050.78,1713.1,2420.16,3301.53
2020.05.05 22:00,0,0,0,0,100.85,0.9718,0.97246,0.97178,0.9721,0,0,0,0,11276.22,15:00,2990.25,6070.77,8760.94,11276.22,747.56,1517.69,2190.24,2819.05
2020.05.05 23:00,0,0,0,0,100.85,0.97211,0.97297,0.97186,0.97207,0,0,0,0,21671.67,16:00,4397.68,9727.87,15526.7,21671.67,1099.42,2431.97,3881.68,5417.92
2020.05.06 00:00,42.47,0,0,0,0,0.97204,0.97204,0.97204,0.97204,777.38,0,0,0,0,17:00,449.45,777.38,0,0,112.36,194.35,0,0
2020.05.05 23:00,0,0,0,0,0,0.97211,0.97297,0.97186,0.97207,0,0,0,0,0,16:00,0,0,0,0,0,0,0,0
2020.05.06 00:00,18.11,0,18.99,0,63.74,0.97204,0.97208,0.97172,0.97195,-0.54,0,-2.69,0,-1645.15,17:00,0,0,-826.74,-1648.39,0,0,-206.69,-412.1
2020.05.06 01:00,0,0,98.18,0,2.68,0.97196,0.97271,0.97195,0.97241,0,0,9157.88,0,-0.61,18:00,2212.58,4973.92,7188.48,9157.27,553.14,1243.48,1797.12,2289.32
2020.05.06 02:00,0,0,100.85,0,0,0.97244,0.97274,0.97242,0.97254,0,0,12791.17,0,0,19:00,3012,6381.92,9854.78,12791.17,753,1595.48,2463.7,3197.79
2020.05.06 03:00,0,0,100.85,0,0,0.97255,0.9727,0.97204,0.97251,0,0,4548.78,0,0,20:00,1352.69,2821.86,3518.13,4548.78,338.17,705.47,879.53,1137.19
2020.05.06 04:00,10.67,0,73.19,0,17,0.9725,0.97291,0.97235,0.97252,239.45,0,11601.57,0,1075.81,21:00,2940,6842.07,9802.86,12916.83,735,1710.52,2450.72,3229.21
2020.05.06 05:00,10.86,0,21.56,0,68.42,0.9725,0.9727,0.97212,0.97244,296.44,0,2804.47,0,5439.63,22:00,3303.47,4560.02,6316.2,8540.55,825.87,1140.01,1579.05,2135.14
2020.05.06 06:00,47.82,0,0,0,53.04,0.97243,0.97295,0.97241,0.97267,8452.96,0,0,0,11441,23:00,3898.92,8305.27,14040.91,19893.95,974.73,2076.32,3510.23,4973.49
2020.05.06 07:00,6.24,0,52.97,0,41.63,0.97267,0.97271,0.97229,0.97233,29.08,0,3813.18,0,-143.33,0:00,2208.56,3719.39,3796.7,3698.92,552.14,929.85,949.17,924.73
2020.05.06 08:00,8.44,0,88.92,0,3.5,0.97232,0.97288,0.97223,0.97232,-228.47,0,1685.12,0,-5.68,1:00,-193.59,66.5,1422.68,1450.97,-48.4,16.63,355.67,362.74
2020.05.06 09:00,42.68,0,38.82,80,19.35,0.97231,0.97351,0.97233,0.97269,7170.05,0,1579.96,0,1976.54,2:00,1292.83,5425.37,8990.34,10726.56,323.21,1356.34,2247.59,2681.64
2020.05.06 10:00,22.72,0,14.69,0,1.69,0.97268,0.97337,0.97251,0.97266,5462.6,0,1928.41,0,534.51,3:00,3040.81,5616.64,7925.51,0,760.2,1404.16,1981.38,0
